,Unnamed: 0,2D-A,2D-B,2D-X,3D-A,3D-B,3D-X,2D-A NumberofProtons,2D-A NumberofNeutrons,2D-A NumberofShells,2D-A SpecificHeat,2D-A Density,2D-A Ion Radius,2D-A FirstIonization,2D-A AtomicMass,2D-A MeltingPoint,2D-B NumberofProtons,2D-B NumberofNeutrons,2D-B NumberofShells,2D-B SpecificHeat,2D-B Density,2D-B Ion Radius,2D-B FirstIonization,2D-B AtomicMass,2D-B MeltingPoint,2D-X NumberofProtons,2D-X NumberofNeutrons,2D-X NumberofShells,2D-X SpecificHeat,2D-X Density,2D-X Ion Radius,2D-X FirstIonization,2D-X AtomicMass,2D-X MeltingPoint,3D-A NumberofProtons,3D-A NumberofNeutrons,3D-A NumberofShells,3D-A SpecificHeat,3D-A Density,3D-A Ion Radius,3D-A FirstIonization,3D-A AtomicMass,3D-A MeltingPoint,3D-B NumberofProtons,3D-B NumberofNeutrons,3D-B NumberofShells,3D-B SpecificHeat,3D-B Density,3D-B Ion Radius,3D-B FirstIonization,3D-B AtomicMass,3D-B MeltingPoint,3D-X NumberofProtons,3D-X NumberofNeutrons,3D-X NumberofShells,3D-X SpecificHeat,3D-X Density,3D-X Ion Radius,3D-X FirstIonization,3D-X AtomicMass,3D-X MeltingPoint
0,0,Cs,Ge,Br,Cs,Ge,Br,55.0,78.0,6.0,0.242,1.87,167.0,3.8939,132.905,301.7,32.0,41.0,4.0,0.32,5.32,53.0,7.8994,72.64,1211.45,35.0,45.0,4.0,0.474,3.12,196.0,11.8138,79.904,266.05,55.0,78.0,6.0,0.242,1.87,167.0,3.8939,132.905,301.7,32.0,41.0,4.0,0.32,5.32,53.0,7.8994,72.64,1211.45,35.0,45.0,4.0,0.474,3.12,196.0,11.8138,79.904,266.05
1,1,Cs,Ge,Br,Cs,Ge,F,55.0,78.0,6.0,0.242,1.87,167.0,3.8939,132.905,301.7,32.0,41.0,4.0,0.32,5.32,53.0,7.8994,72.64,1211.45,35.0,45.0,4.0,0.474,3.12,196.0,11.8138,79.904,266.05,55.0,78.0,6.0,0.242,1.87,167.0,3.8939,132.905,301.7,32.0,41.0,4.0,0.32,5.32,53.0,7.8994,72.64,1211.45,9.0,10.0,2.0,0.824,0.0017,133.0,17.4228,18.998,53.63
2,2,Cs,Ge,Br,Cs,Ge,I,55.0,78.0,6.0,0.242,1.87,167.0,3.8939,132.905,301.7,32.0,41.0,4.0,0.32,5.32,53.0,7.8994,72.64,1211.45,35.0,45.0,4.0,0.474,3.12,196.0,11.8138,79.904,266.05,55.0,78.0,6.0,0.242,1.87,167.0,3.8939,132.905,301.7,32.0,41.0,4.0,0.32,5.32,53.0,7.8994,72.64,1211.45,53.0,74.0,5.0,0.214,4.93,220.0,10.4513,126.904,386.65
3,3,Cs,Ge,Br,Cs,Pb,Br,55.0,78.0,6.0,0.242,1.87,167.0,3.8939,132.905,301.7,32.0,41.0,4.0,0.32,5.32,53.0,7.8994,72.64,1211.45,35.0,45.0,4.0,0.474,3.12,196.0,11.8138,79.904,266.05,55.0,78.0,6.0,0.242,1.87,167.0,3.8939,132.905,301.7,82.0,125.0,6.0,0.129,11.3,119.0,7.4167,207.2,600.75,35.0,45.0,4.0,0.474,3.12,196.0,11.8138,79.904,266.05
4,4,Cs,Ge,Br,Cs,Pb,Cl,55.0,78.0,6.0,0.242,1.87,167.0,3.8939,132.905,301.7,32.0,41.0,4.0,0.32,5.32,53.0,7.8994,72.64,1211.45,35.0,45.0,4.0,0.474,3.12,196.0,11.8138,79.904,266.05,55.0,78.0,6.0,0.242,1.87,167.0,3.8939,132.905,301.7,82.0,125.0,6.0,0.129,11.3,119.0,7.4167,207.2,600.75,17.0,18.0,3.0,0.479,0.00321,181.0,12.9676,35.453,172.31
5,5,Cs,Ge,Br,Cs,Pb,F,55.0,78.0,6.0,0.242,1.87,167.0,3.8939,132.905,301.7,32.0,41.0,4.0,0.32,5.32,53.0,7.8994,72.64,1211.45,35.0,45.0,4.0,0.474,3.12,196.0,11.8138,79.904,266.05,55.0,78.0,6.0,0.242,1.87,167.0,3.8939,132.905,301.7,82.0,125.0,6.0,0.129,11.3,119.0,7.4167,207.2,600.75,9.0,10.0,2.0,0.824,0.0017,133.0,17.4228,18.998,53.63
6,6,Cs,Ge,Br,Cs,Pb,I,55.0,78.0,6.0,0.242,1.87,167.0,3.8939,132.905,301.7,32.0,41.0,4.0,0.32,5.32,53.0,7.8994,72.64,1211.45,35.0,45.0,4.0,0.474,3.12,196.0,11.8138,79.904,266.05,55.0,78.0,6.0,0.242,1.87,167.0,3.8939,132.905,301.7,82.0,125.0,6.0,0.129,11.3,119.0,7.4167,207.2,600.75,53.0,74.0,5.0,0.214,4.93,220.0,10.4513,126.904,386.65
7,7,Cs,Ge,Br,Cs,Sn,Br,55.0,78.0,6.0,0.242,1.87,167.0,3.8939,132.905,301.7,32.0,41.0,4.0,0.32,5.32,53.0,7.8994,72.64,1211.45,35.0,45.0,4.0,0.474,3.12,196.0,11.8138,79.904,266.05,55.0,78.0,6.0,0.242,1.87,167.0,3.8939,132.905,301.7,50.0,69.0,5.0,0.228,7.29,69.0,7.3439,118.71,505.21,35.0,45.0,4.0,0.474,3.12,196.0,11.8138,79.904,266.05
8,8,Cs,Ge,Br,Cs,Sn,Cl,55.0,78.0,6.0,0.242,1.87,167.0,3.8939,132.905,301.7,32.0,41.0,4.0,0.32,5.32,53.0,7.8994,72.64,1211.45,35.0,45.0,4.0,0.474,3.12,196.0,11.8138,79.904,266.05,55.0,78.0,6.0,0.242,1.87,167.0,3.8939,132.905,301.7,50.0,69.0,5.0,0.228,7.29,69.0,7.3439,118.71,505.21,17.0,18.0,3.0,0.479,0.00321,181.0,12.9676,35.453,172.31
9,9,Cs,Ge,Br,Cs,Sn,F,55.0,78.0,6.0,0.242,1.87,167.0,3.8939,132.905,301.7,32.0,41.0,4.0,0.32,5.32,53.0,7.8994,72.64,1211.45,35.0,45.0,4.0,0.474,3.12,196.0,11.8138,79.904,266.05,55.0,78.0,6.0,0.242,1.87,167.0,3.8939,132.905,301.7,50.0,69.0,5.0,0.228,7.29,69.0,7.3439,118.71,505.21,9.0,10.0,2.0,0.824,0.0017,133.0,17.4228,18.998,53.63
10,10,Cs,Ge,Br,Cs,Sn,I,55.0,78.0,6.0,0.242,1.87,167.0,3.8939,132.905,301.7,32.0,41.0,4.0,0.32,5.32,53.0,7.8994,72.64,1211.45,35.0,45.0,4.0,0.474,3.12,196.0,11.8138,79.904,266.05,55.0,78.0,6.0,0.242,1.87,167.0,3.8939,132.905,301.7,50.0,69.0,5.0,0.228,7.29,69.0,7.3439,118.71,505.21,53.0,74.0,5.0,0.214,4.93,220.0,10.4513,126.904,386.65
11,11,Cs,Ge,Br,Li,Pb,Br,55.0,78.0,6.0,0.242,1.87,167.0,3.8939,132.905,301.7,32.0,41.0,4.0,0.32,5.32,53.0,7.8994,72.64,1211.45,35.0,45.0,4.0,0.474,3.12,196.0,11.8138,79.904,266.05,3.0,4.0,2.0,3.582,0.534,76.0,5.3917,6.941,453.85,82.0,125.0,6.0,0.129,11.3,119.0,7.4167,207.2,600.75,35.0,45.0,4.0,0.474,3.12,196.0,11.8138,79.904,266.05
12,12,Cs,Ge,Br,Li,Pb,F,55.0,78.0,6.0,0.242,1.87,167.0,3.8939,132.905,301.7,32.0,41.0,4.0,0.32,5.32,53.0,7.8994,72.64,1211.45,35.0,45.0,4.0,0.474,3.12,196.0,11.8138,79.904,266.05,3.0,4.0,2.0,3.582,0.534,76.0,5.3917,6.941,453.85,82.0,125.0,6.0,0.129,11.3,119.0,7.4167,207.2,600.75,9.0,10.0,2.0,0.824,0.0017,133.0,17.4228,18.998,53.63
13,13,Cs,Ge,Br,Li,Pb,I,55.0,78.0,6.0,0.242,1.87,167.0,3.8939,132.905,301.7,32.0,41.0,4.0,0.32,5.32,53.0,7.8994,72.64,1211.45,35.0,45.0,4.0,0.474,3.12,196.0,11.8138,79.904,266.05,3.0,4.0,2.0,3.582,0.534,76.0,5.3917,6.941,453.85,82.0,125.0,6.0,0.129,11.3,119.0,7.4167,207.2,600.75,53.0,74.0,5.0,0.214,4.93,220.0,10.4513,126.904,386.65
14,14,Cs,Ge,Br,Li,Sn,Br,55.0,78.0,6.0,0.242,1.87,167.0,3.8939,132.905,301.7,32.0,41.0,4.0,0.32,5.32,53.0,7.8994,72.64,1211.45,35.0,45.0,4.0,0.474,3.12,196.0,11.8138,79.904,266.05,3.0,4.0,2.0,3.582,0.534,76.0,5.3917,6.941,453.85,50.0,69.0,5.0,0.228,7.29,69.0,7.3439,118.71,505.21,35.0,45.0,4.0,0.474,3.12,196.0,11.8138,79.904,266.05
15,15,Cs,Ge,Br,Li,Sn,F,55.0,78.0,6.0,0.242,1.87,167.0,3.8939,132.905,301.7,32.0,41.0,4.0,0.32,5.32,53.0,7.8994,72.64,1211.45,35.0,45.0,4.0,0.474,3.12,196.0,11.8138,79.904,266.05,3.0,4.0,2.0,3.582,0.534,76.0,5.3917,6.941,453.85,50.0,69.0,5.0,0.228,7.29,69.0,7.3439,118.71,505.21,9.0,10.0,2.0,0.824,0.0017,133.0,17.4228,18.998,53.63
16,16,Cs,Ge,Br,Na,Pb,Br,55.0,78.0,6.0,0.242,1.87,167.0,3.8939,132.905,301.7,32.0,41.0,4.0,0.32,5.32,53.0,7.8994,72.64,1211.45,35.0,45.0,4.0,0.474,3.12,196.0,11.8138,79.904,266.05,11.0,12.0,3.0,1.228,0.971,102.0,5.1391,22.99,371.15,82.0,125.0,6.0,0.129,11.3,119.0,7.4167,207.2,600.75,35.0,45.0,4.0,0.474,3.12,196.0,11.8138,79.904,266.05
17,17,Cs,Ge,Br,Na,Pb,I,55.0,78.0,6.0,0.242,1.87,167.0,3.8939,132.905,301.7,32.0,41.0,4.0,0.32,5.32,53.0,7.8994,72.64,1211.45,35.0,45.0,4.0,0.474,3.12,196.0,11.8138,79.904,266.05,11.0,12.0,3.0,1.228,0.971,102.0,5.1391,22.99,371.15,82.0,125.0,6.0,0.129,11.3,119.0,7.4167,207.2,600.75,53.0,74.0,5.0,0.214,4.93,220.0,10.4513,126.904,386.65
18,18,Cs,Ge,Br,Na,Sn,Br,55.0,78.0,6.0,0.242,1.87,167.0,3.8939,132.905,301.7,32.0,41.0,4.0,0.32,5.32,53.0,7.8994,72.64,1211.45,35.0,45.0,4.0,0.474,3.12,196.0,11.8138,79.904,266.05,11.0,12.0,3.0,1.228,0.971,102.0,5.1391,22.99,371.15,50.0,69.0,5.0,0.228,7.29,69.0,7.3439,118.71,505.21,35.0,45.0,4.0,0.474,3.12,196.0,11.8138,79.904,266.05
19,19,Cs,Ge,Br,Na,Sn,F,55.0,78.0,6.0,0.242,1.87,167.0,3.8939,132.905,301.7,32.0,41.0,4.0,0.32,5.32,53.0,7.8994,72.64,1211.45,35.0,45.0,4.0,0.474,3.12,196.0,11.8138,79.904,266.05,11.0,12.0,3.0,1.228,0.971,102.0,5.1391,22.99,371.15,50.0,69.0,5.0,0.228,7.29,69.0,7.3439,118.71,505.21,9.0,10.0,2.0,0.824,0.0017,133.0,17.4228,18.998,53.63
20,20,Cs,Ge,Br,Rb,Ge,Br,55.0,78.0,6.0,0.242,1.87,167.0,3.8939,132.905,301.7,32.0,41.0,4.0,0.32,5.32,53.0,7.8994,72.64,1211.45,35.0,45.0,4.0,0.474,3.12,196.0,11.8138,79.904,266.05,37.0,48.0,5.0,0.363,1.53,152.0,4.1771,85.468,312.79,32.0,41.0,4.0,0.32,5.32,53.0,7.8994,72.64,1211.45,35.0,45.0,4.0,0.474,3.12,196.0,11.8138,79.904,266.05
21,21,Cs,Ge,Br,Rb,Ge,F,55.0,78.0,6.0,0.242,1.87,167.0,3.8939,132.905,301.7,32.0,41.0,4.0,0.32,5.32,53.0,7.8994,72.64,1211.45,35.0,45.0,4.0,0.474,3.12,196.0,11.8138,79.904,266.05,37.0,48.0,5.0,0.363,1.53,152.0,4.1771,85.468,312.79,32.0,41.0,4.0,0.32,5.32,53.0,7.8994,72.64,1211.45,9.0,10.0,2.0,0.824,0.0017,133.0,17.4228,18.998,53.63
22,22,Cs,Ge,Br,Rb,Pb,Br,55.0,78.0,6.0,0.242,1.87,167.0,3.8939,132.905,301.7,32.0,41.0,4.0,0.32,5.32,53.0,7.8994,72.64,1211.45,35.0,45.0,4.0,0.474,3.12,196.0,11.8138,79.904,266.05,37.0,48.0,5.0,0.363,1.53,152.0,4.1771,85.468,312.79,82.0,125.0,6.0,0.129,11.3,119.0,7.4167,207.2,600.75,35.0,45.0,4.0,0.474,3.12,196.0,11.8138,79.904,266.05
23,23,Cs,Ge,Br,Rb,Pb,Cl,55.0,78.0,6.0,0.242,1.87,167.0,3.8939,132.905,301.7,32.0,41.0,4.0,0.32,5.32,53.0,7.8994,72.64,1211.45,35.0,45.0,4.0,0.474,3.12,196.0,11.8138,79.904,266.05,37.0,48.0,5.0,0.363,1.53,152.0,4.1771,85.468,312.79,82.0,125.0,6.0,0.129,11.3,119.0,7.4167,207.2,600.75,17.0,18.0,3.0,0.479,0.00321,181.0,12.9676,35.453,172.31
24,24,Cs,Ge,Br,Rb,Pb,F,55.0,78.0,6.0,0.242,1.87,167.0,3.8939,132.905,301.7,32.0,41.0,4.0,0.32,5.32,53.0,7.8994,72.64,1211.45,35.0,45.0,4.0,0.474,3.12,196.0,11.8138,79.904,266.05,37.0,48.0,5.0,0.363,1.53,152.0,4.1771,85.468,312.79,82.0,125.0,6.0,0.129,11.3,119.0,7.4167,207.2,600.75,9.0,10.0,2.0,0.824,0.0017,133.0,17.4228,18.998,53.63
25,25,Cs,Ge,Br,Rb,Pb,I,55.0,78.0,6.0,0.242,1.87,167.0,3.8939,132.905,301.7,32.0,41.0,4.0,0.32,5.32,53.0,7.8994,72.64,1211.45,35.0,45.0,4.0,0.474,3.12,196.0,11.8138,79.904,266.05,37.0,48.0,5.0,0.363,1.53,152.0,4.1771,85.468,312.79,82.0,125.0,6.0,0.129,11.3,119.0,7.4167,207.2,600.75,53.0,74.0,5.0,0.214,4.93,220.0,10.4513,126.904,386.65
26,26,Cs,Ge,Br,Rb,Sn,Br,55.0,78.0,6.0,0.242,1.87,167.0,3.8939,132.905,301.7,32.0,41.0,4.0,0.32,5.32,53.0,7.8994,72.64,1211.45,35.0,45.0,4.0,0.474,3.12,196.0,11.8138,79.904,266.05,37.0,48.0,5.0,0.363,1.53,152.0,4.1771,85.468,312.79,50.0,69.0,5.0,0.228,7.29,69.0,7.3439,118.71,505.21,35.0,45.0,4.0,0.474,3.12,196.0,11.8138,79.904,266.05
27,27,Cs,Ge,Br,Rb,Sn,F,55.0,78.0,6.0,0.242,1.87,167.0,3.8939,132.905,301.7,32.0,41.0,4.0,0.32,5.32,53.0,7.8994,72.64,1211.45,35.0,45.0,4.0,0.474,3.12,196.0,11.8138,79.904,266.05,37.0,48.0,5.0,0.363,1.53,152.0,4.1771,85.468,312.79,50.0,69.0,5.0,0.228,7.29,69.0,7.3439,118.71,505.21,9.0,10.0,2.0,0.824,0.0017,133.0,17.4228,18.998,53.63
28,28,Cs,Ge,Br,Rb,Sn,I,55.0,78.0,6.0,0.242,1.87,167.0,3.8939,132.905,301.7,32.0,41.0,4.0,0.32,5.32,53.0,7.8994,72.64,1211.45,35.0,45.0,4.0,0.474,3.12,196.0,11.8138,79.904,266.05,37.0,48.0,5.0,0.363,1.53,152.0,4.1771,85.468,312.79,50.0,69.0,5.0,0.228,7.29,69.0,7.3439,118.71,505.21,53.0,74.0,5.0,0.214,4.93,220.0,10.4513,126.904,386.65
29,29,Cs,Ge,Cl,Cs,Pb,Br,55.0,78.0,6.0,0.242,1.87,167.0,3.8939,132.905,301.7,32.0,41.0,4.0,0.32,5.32,53.0,7.8994,72.64,1211.45,17.0,18.0,3.0,0.479,0.00321,181.0,12.9676,35.453,172.31,55.0,78.0,6.0,0.242,1.87,167.0,3.8939,132.905,301.7,82.0,125.0,6.0,0.129,11.3,119.0,7.4167,207.2,600.75,35.0,45.0,4.0,0.474,3.12,196.0,11.8138,79.904,266.05
30,30,Cs,Ge,Cl,Cs,Pb,F,55.0,78.0,6.0,0.242,1.87,167.0,3.8939,132.905,301.7,32.0,41.0,4.0,0.32,5.32,53.0,7.8994,72.64,1211.45,17.0,18.0,3.0,0.479,0.00321,181.0,12.9676,35.453,172.31,55.0,78.0,6.0,0.242,1.87,167.0,3.8939,132.905,301.7,82.0,125.0,6.0,0.129,11.3,119.0,7.4167,207.2,600.75,9.0,10.0,2.0,0.824,0.0017,133.0,17.4228,18.998,53.63
31,31,Cs,Ge,Cl,Cs,Pb,I,55.0,78.0,6.0,0.242,1.87,167.0,3.8939,132.905,301.7,32.0,41.0,4.0,0.32,5.32,53.0,7.8994,72.64,1211.45,17.0,18.0,3.0,0.479,0.00321,181.0,12.9676,35.453,172.31,55.0,78.0,6.0,0.242,1.87,167.0,3.8939,132.905,301.7,82.0,125.0,6.0,0.129,11.3,119.0,7.4167,207.2,600.75,53.0,74.0,5.0,0.214,4.93,220.0,10.4513,126.904,386.65
32,32,Cs,Ge,Cl,Cs,Sn,Br,55.0,78.0,6.0,0.242,1.87,167.0,3.8939,132.905,301.7,32.0,41.0,4.0,0.32,5.32,53.0,7.8994,72.64,1211.45,17.0,18.0,3.0,0.479,0.00321,181.0,12.9676,35.453,172.31,55.0,78.0,6.0,0.242,1.87,167.0,3.8939,132.905,301.7,50.0,69.0,5.0,0.228,7.29,69.0,7.3439,118.71,505.21,35.0,45.0,4.0,0.474,3.12,196.0,11.8138,79.904,266.05
33,33,Cs,Ge,Cl,Cs,Sn,F,55.0,78.0,6.0,0.242,1.87,167.0,3.8939,132.905,301.7,32.0,41.0,4.0,0.32,5.32,53.0,7.8994,72.64,1211.45,17.0,18.0,3.0,0.479,0.00321,181.0,12.9676,35.453,172.31,55.0,78.0,6.0,0.242,1.87,167.0,3.8939,132.905,301.7,50.0,69.0,5.0,0.228,7.29,69.0,7.3439,118.71,505.21,9.0,10.0,2.0,0.824,0.0017,133.0,17.4228,18.998,53.63
34,34,Cs,Ge,Cl,Rb,Pb,Br,55.0,78.0,6.0,0.242,1.87,167.0,3.8939,132.905,301.7,32.0,41.0,4.0,0.32,5.32,53.0,7.8994,72.64,1211.45,17.0,18.0,3.0,0.479,0.00321,181.0,12.9676,35.453,172.31,37.0,48.0,5.0,0.363,1.53,152.0,4.1771,85.468,312.79,82.0,125.0,6.0,0.129,11.3,119.0,7.4167,207.2,600.75,35.0,45.0,4.0,0.474,3.12,196.0,11.8138,79.904,266.05
35,35,Cs,Ge,Cl,Rb,Pb,F,55.0,78.0,6.0,0.242,1.87,167.0,3.8939,132.905,301.7,32.0,41.0,4.0,0.32,5.32,53.0,7.8994,72.64,1211.45,17.0,18.0,3.0,0.479,0.00321,181.0,12.9676,35.453,172.31,37.0,48.0,5.0,0.363,1.53,152.0,4.1771,85.468,312.79,82.0,125.0,6.0,0.129,11.3,119.0,7.4167,207.2,600.75,9.0,10.0,2.0,0.824,0.0017,133.0,17.4228,18.998,53.63
36,36,Cs,Ge,Cl,Rb,Sn,Br,55.0,78.0,6.0,0.242,1.87,167.0,3.8939,132.905,301.7,32.0,41.0,4.0,0.32,5.32,53.0,7.8994,72.64,1211.45,17.0,18.0,3.0,0.479,0.00321,181.0,12.9676,35.453,172.31,37.0,48.0,5.0,0.363,1.53,152.0,4.1771,85.468,312.79,50.0,69.0,5.0,0.228,7.29,69.0,7.3439,118.71,505.21,35.0,45.0,4.0,0.474,3.12,196.0,11.8138,79.904,266.05
37,37,Cs,Ge,Cl,Rb,Sn,F,55.0,78.0,6.0,0.242,1.87,167.0,3.8939,132.905,301.7,32.0,41.0,4.0,0.32,5.32,53.0,7.8994,72.64,1211.45,17.0,18.0,3.0,0.479,0.00321,181.0,12.9676,35.453,172.31,37.0,48.0,5.0,0.363,1.53,152.0,4.1771,85.468,312.79,50.0,69.0,5.0,0.228,7.29,69.0,7.3439,118.71,505.21,9.0,10.0,2.0,0.824,0.0017,133.0,17.4228,18.998,53.63
38,38,Cs,Ge,F,Cs,Pb,Br,55.0,78.0,6.0,0.242,1.87,167.0,3.8939,132.905,301.7,32.0,41.0,4.0,0.32,5.32,53.0,7.8994,72.64,1211.45,9.0,10.0,2.0,0.824,0.0017,133.0,17.4228,18.998,53.63,55.0,78.0,6.0,0.242,1.87,167.0,3.8939,132.905,301.7,82.0,125.0,6.0,0.129,11.3,119.0,7.4167,207.2,600.75,35.0,45.0,4.0,0.474,3.12,196.0,11.8138,79.904,266.05
39,39,Cs,Ge,F,Cs,Pb,F,55.0,78.0,6.0,0.242,1.87,167.0,3.8939,132.905,301.7,32.0,41.0,4.0,0.32,5.32,53.0,7.8994,72.64,1211.45,9.0,10.0,2.0,0.824,0.0017,133.0,17.4228,18.998,53.63,55.0,78.0,6.0,0.242,1.87,167.0,3.8939,132.905,301.7,82.0,125.0,6.0,0.129,11.3,119.0,7.4167,207.2,600.75,9.0,10.0,2.0,0.824,0.0017,133.0,17.4228,18.998,53.63
40,40,Cs,Ge,F,Cs,Pb,I,55.0,78.0,6.0,0.242,1.87,167.0,3.8939,132.905,301.7,32.0,41.0,4.0,0.32,5.32,53.0,7.8994,72.64,1211.45,9.0,10.0,2.0,0.824,0.0017,133.0,17.4228,18.998,53.63,55.0,78.0,6.0,0.242,1.87,167.0,3.8939,132.905,301.7,82.0,125.0,6.0,0.129,11.3,119.0,7.4167,207.2,600.75,53.0,74.0,5.0,0.214,4.93,220.0,10.4513,126.904,386.65
41,41,Cs,Ge,F,Cs,Sn,Br,55.0,78.0,6.0,0.242,1.87,167.0,3.8939,132.905,301.7,32.0,41.0,4.0,0.32,5.32,53.0,7.8994,72.64,1211.45,9.0,10.0,2.0,0.824,0.0017,133.0,17.4228,18.998,53.63,55.0,78.0,6.0,0.242,1.87,167.0,3.8939,132.905,301.7,50.0,69.0,5.0,0.228,7.29,69.0,7.3439,118.71,505.21,35.0,45.0,4.0,0.474,3.12,196.0,11.8138,79.904,266.05
42,42,Cs,Ge,F,Cs,Sn,F,55.0,78.0,6.0,0.242,1.87,167.0,3.8939,132.905,301.7,32.0,41.0,4.0,0.32,5.32,53.0,7.8994,72.64,1211.45,9.0,10.0,2.0,0.824,0.0017,133.0,17.4228,18.998,53.63,55.0,78.0,6.0,0.242,1.87,167.0,3.8939,132.905,301.7,50.0,69.0,5.0,0.228,7.29,69.0,7.3439,118.71,505.21,9.0,10.0,2.0,0.824,0.0017,133.0,17.4228,18.998,53.63
43,43,Cs,Ge,F,Rb,Pb,Br,55.0,78.0,6.0,0.242,1.87,167.0,3.8939,132.905,301.7,32.0,41.0,4.0,0.32,5.32,53.0,7.8994,72.64,1211.45,9.0,10.0,2.0,0.824,0.0017,133.0,17.4228,18.998,53.63,37.0,48.0,5.0,0.363,1.53,152.0,4.1771,85.468,312.79,82.0,125.0,6.0,0.129,11.3,119.0,7.4167,207.2,600.75,35.0,45.0,4.0,0.474,3.12,196.0,11.8138,79.904,266.05
44,44,Cs,Ge,F,Rb,Pb,F,55.0,78.0,6.0,0.242,1.87,167.0,3.8939,132.905,301.7,32.0,41.0,4.0,0.32,5.32,53.0,7.8994,72.64,1211.45,9.0,10.0,2.0,0.824,0.0017,133.0,17.4228,18.998,53.63,37.0,48.0,5.0,0.363,1.53,152.0,4.1771,85.468,312.79,82.0,125.0,6.0,0.129,11.3,119.0,7.4167,207.2,600.75,9.0,10.0,2.0,0.824,0.0017,133.0,17.4228,18.998,53.63
45,45,Cs,Ge,F,Rb,Sn,Br,55.0,78.0,6.0,0.242,1.87,167.0,3.8939,132.905,301.7,32.0,41.0,4.0,0.32,5.32,53.0,7.8994,72.64,1211.45,9.0,10.0,2.0,0.824,0.0017,133.0,17.4228,18.998,53.63,37.0,48.0,5.0,0.363,1.53,152.0,4.1771,85.468,312.79,50.0,69.0,5.0,0.228,7.29,69.0,7.3439,118.71,505.21,35.0,45.0,4.0,0.474,3.12,196.0,11.8138,79.904,266.05
46,46,Cs,Ge,F,Rb,Sn,F,55.0,78.0,6.0,0.242,1.87,167.0,3.8939,132.905,301.7,32.0,41.0,4.0,0.32,5.32,53.0,7.8994,72.64,1211.45,9.0,10.0,2.0,0.824,0.0017,133.0,17.4228,18.998,53.63,37.0,48.0,5.0,0.363,1.53,152.0,4.1771,85.468,312.79,50.0,69.0,5.0,0.228,7.29,69.0,7.3439,118.71,505.21,9.0,10.0,2.0,0.824,0.0017,133.0,17.4228,18.998,53.63
47,47,Cs,Ge,I,Cs,Pb,Br,55.0,78.0,6.0,0.242,1.87,167.0,3.8939,132.905,301.7,32.0,41.0,4.0,0.32,5.32,53.0,7.8994,72.64,1211.45,53.0,74.0,5.0,0.214,4.93,220.0,10.4513,126.904,386.65,55.0,78.0,6.0,0.242,1.87,167.0,3.8939,132.905,301.7,82.0,125.0,6.0,0.129,11.3,119.0,7.4167,207.2,600.75,35.0,45.0,4.0,0.474,3.12,196.0,11.8138,79.904,266.05
48,48,Cs,Ge,I,Cs,Pb,F,55.0,78.0,6.0,0.242,1.87,167.0,3.8939,132.905,301.7,32.0,41.0,4.0,0.32,5.32,53.0,7.8994,72.64,1211.45,53.0,74.0,5.0,0.214,4.93,220.0,10.4513,126.904,386.65,55.0,78.0,6.0,0.242,1.87,167.0,3.8939,132.905,301.7,82.0,125.0,6.0,0.129,11.3,119.0,7.4167,207.2,600.75,9.0,10.0,2.0,0.824,0.0017,133.0,17.4228,18.998,53.63
49,49,Cs,Ge,I,Cs,Pb,I,55.0,78.0,6.0,0.242,1.87,167.0,3.8939,132.905,301.7,32.0,41.0,4.0,0.32,5.32,53.0,7.8994,72.64,1211.45,53.0,74.0,5.0,0.214,4.93,220.0,10.4513,126.904,386.65,55.0,78.0,6.0,0.242,1.87,167.0,3.8939,132.905,301.7,82.0,125.0,6.0,0.129,11.3,119.0,7.4167,207.2,600.75,53.0,74.0,5.0,0.214,4.93,220.0,10.4513,126.904,386.65
50,50,Cs,Ge,I,Cs,Sn,Br,55.0,78.0,6.0,0.242,1.87,167.0,3.8939,132.905,301.7,32.0,41.0,4.0,0.32,5.32,53.0,7.8994,72.64,1211.45,53.0,74.0,5.0,0.214,4.93,220.0,10.4513,126.904,386.65,55.0,78.0,6.0,0.242,1.87,167.0,3.8939,132.905,301.7,50.0,69.0,5.0,0.228,7.29,69.0,7.3439,118.71,505.21,35.0,45.0,4.0,0.474,3.12,196.0,11.8138,79.904,266.05
51,51,Cs,Ge,I,Cs,Sn,F,55.0,78.0,6.0,0.242,1.87,167.0,3.8939,132.905,301.7,32.0,41.0,4.0,0.32,5.32,53.0,7.8994,72.64,1211.45,53.0,74.0,5.0,0.214,4.93,220.0,10.4513,126.904,386.65,55.0,78.0,6.0,0.242,1.87,167.0,3.8939,132.905,301.7,50.0,69.0,5.0,0.228,7.29,69.0,7.3439,118.71,505.21,9.0,10.0,2.0,0.824,0.0017,133.0,17.4228,18.998,53.63
52,52,Cs,Ge,I,Rb,Pb,Br,55.0,78.0,6.0,0.242,1.87,167.0,3.8939,132.905,301.7,32.0,41.0,4.0,0.32,5.32,53.0,7.8994,72.64,1211.45,53.0,74.0,5.0,0.214,4.93,220.0,10.4513,126.904,386.65,37.0,48.0,5.0,0.363,1.53,152.0,4.1771,85.468,312.79,82.0,125.0,6.0,0.129,11.3,119.0,7.4167,207.2,600.75,35.0,45.0,4.0,0.474,3.12,196.0,11.8138,79.904,266.05
53,53,Cs,Ge,I,Rb,Pb,F,55.0,78.0,6.0,0.242,1.87,167.0,3.8939,132.905,301.7,32.0,41.0,4.0,0.32,5.32,53.0,7.8994,72.64,1211.45,53.0,74.0,5.0,0.214,4.93,220.0,10.4513,126.904,386.65,37.0,48.0,5.0,0.363,1.53,152.0,4.1771,85.468,312.79,82.0,125.0,6.0,0.129,11.3,119.0,7.4167,207.2,600.75,9.0,10.0,2.0,0.824,0.0017,133.0,17.4228,18.998,53.63
54,54,Cs,Ge,I,Rb,Sn,Br,55.0,78.0,6.0,0.242,1.87,167.0,3.8939,132.905,301.7,32.0,41.0,4.0,0.32,5.32,53.0,7.8994,72.64,1211.45,53.0,74.0,5.0,0.214,4.93,220.0,10.4513,126.904,386.65,37.0,48.0,5.0,0.363,1.53,152.0,4.1771,85.468,312.79,50.0,69.0,5.0,0.228,7.29,69.0,7.3439,118.71,505.21,35.0,45.0,4.0,0.474,3.12,196.0,11.8138,79.904,266.05
55,55,Cs,Ge,I,Rb,Sn,F,55.0,78.0,6.0,0.242,1.87,167.0,3.8939,132.905,301.7,32.0,41.0,4.0,0.32,5.32,53.0,7.8994,72.64,1211.45,53.0,74.0,5.0,0.214,4.93,220.0,10.4513,126.904,386.65,37.0,48.0,5.0,0.363,1.53,152.0,4.1771,85.468,312.79,50.0,69.0,5.0,0.228,7.29,69.0,7.3439,118.71,505.21,9.0,10.0,2.0,0.824,0.0017,133.0,17.4228,18.998,53.63
56,56,Cs,Pb,Br,Cs,Ge,Br,55.0,78.0,6.0,0.242,1.87,167.0,3.8939,132.905,301.7,82.0,125.0,6.0,0.129,11.3,119.0,7.4167,207.2,600.75,35.0,45.0,4.0,0.474,3.12,196.0,11.8138,79.904,266.05,55.0,78.0,6.0,0.242,1.87,167.0,3.8939,132.905,301.7,32.0,41.0,4.0,0.32,5.32,53.0,7.8994,72.64,1211.45,35.0,45.0,4.0,0.474,3.12,196.0,11.8138,79.904,266.05
57,57,Cs,Pb,Br,Cs,Ge,F,55.0,78.0,6.0,0.242,1.87,167.0,3.8939,132.905,301.7,82.0,125.0,6.0,0.129,11.3,119.0,7.4167,207.2,600.75,35.0,45.0,4.0,0.474,3.12,196.0,11.8138,79.904,266.05,55.0,78.0,6.0,0.242,1.87,167.0,3.8939,132.905,301.7,32.0,41.0,4.0,0.32,5.32,53.0,7.8994,72.64,1211.45,9.0,10.0,2.0,0.824,0.0017,133.0,17.4228,18.998,53.63
58,58,Cs,Pb,Br,Cs,Ge,I,55.0,78.0,6.0,0.242,1.87,167.0,3.8939,132.905,301.7,82.0,125.0,6.0,0.129,11.3,119.0,7.4167,207.2,600.75,35.0,45.0,4.0,0.474,3.12,196.0,11.8138,79.904,266.05,55.0,78.0,6.0,0.242,1.87,167.0,3.8939,132.905,301.7,32.0,41.0,4.0,0.32,5.32,53.0,7.8994,72.64,1211.45,53.0,74.0,5.0,0.214,4.93,220.0,10.4513,126.904,386.65
59,59,Cs,Pb,Br,Cs,Pb,Br,55.0,78.0,6.0,0.242,1.87,167.0,3.8939,132.905,301.7,82.0,125.0,6.0,0.129,11.3,119.0,7.4167,207.2,600.75,35.0,45.0,4.0,0.474,3.12,196.0,11.8138,79.904,266.05,55.0,78.0,6.0,0.242,1.87,167.0,3.8939,132.905,301.7,82.0,125.0,6.0,0.129,11.3,119.0,7.4167,207.2,600.75,35.0,45.0,4.0,0.474,3.12,196.0,11.8138,79.904,266.05
60,60,Cs,Pb,Br,Cs,Pb,Cl,55.0,78.0,6.0,0.242,1.87,167.0,3.8939,132.905,301.7,82.0,125.0,6.0,0.129,11.3,119.0,7.4167,207.2,600.75,35.0,45.0,4.0,0.474,3.12,196.0,11.8138,79.904,266.05,55.0,78.0,6.0,0.242,1.87,167.0,3.8939,132.905,301.7,82.0,125.0,6.0,0.129,11.3,119.0,7.4167,207.2,600.75,17.0,18.0,3.0,0.479,0.00321,181.0,12.9676,35.453,172.31
61,61,Cs,Pb,Br,Cs,Pb,F,55.0,78.0,6.0,0.242,1.87,167.0,3.8939,132.905,301.7,82.0,125.0,6.0,0.129,11.3,119.0,7.4167,207.2,600.75,35.0,45.0,4.0,0.474,3.12,196.0,11.8138,79.904,266.05,55.0,78.0,6.0,0.242,1.87,167.0,3.8939,132.905,301.7,82.0,125.0,6.0,0.129,11.3,119.0,7.4167,207.2,600.75,9.0,10.0,2.0,0.824,0.0017,133.0,17.4228,18.998,53.63
62,62,Cs,Pb,Br,Cs,Pb,I,55.0,78.0,6.0,0.242,1.87,167.0,3.8939,132.905,301.7,82.0,125.0,6.0,0.129,11.3,119.0,7.4167,207.2,600.75,35.0,45.0,4.0,0.474,3.12,196.0,11.8138,79.904,266.05,55.0,78.0,6.0,0.242,1.87,167.0,3.8939,132.905,301.7,82.0,125.0,6.0,0.129,11.3,119.0,7.4167,207.2,600.75,53.0,74.0,5.0,0.214,4.93,220.0,10.4513,126.904,386.65
63,63,Cs,Pb,Br,Cs,Sn,Br,55.0,78.0,6.0,0.242,1.87,167.0,3.8939,132.905,301.7,82.0,125.0,6.0,0.129,11.3,119.0,7.4167,207.2,600.75,35.0,45.0,4.0,0.474,3.12,196.0,11.8138,79.904,266.05,55.0,78.0,6.0,0.242,1.87,167.0,3.8939,132.905,301.7,50.0,69.0,5.0,0.228,7.29,69.0,7.3439,118.71,505.21,35.0,45.0,4.0,0.474,3.12,196.0,11.8138,79.904,266.05
64,64,Cs,Pb,Br,Cs,Sn,Cl,55.0,78.0,6.0,0.242,1.87,167.0,3.8939,132.905,301.7,82.0,125.0,6.0,0.129,11.3,119.0,7.4167,207.2,600.75,35.0,45.0,4.0,0.474,3.12,196.0,11.8138,79.904,266.05,55.0,78.0,6.0,0.242,1.87,167.0,3.8939,132.905,301.7,50.0,69.0,5.0,0.228,7.29,69.0,7.3439,118.71,505.21,17.0,18.0,3.0,0.479,0.00321,181.0,12.9676,35.453,172.31
65,65,Cs,Pb,Br,Cs,Sn,F,55.0,78.0,6.0,0.242,1.87,167.0,3.8939,132.905,301.7,82.0,125.0,6.0,0.129,11.3,119.0,7.4167,207.2,600.75,35.0,45.0,4.0,0.474,3.12,196.0,11.8138,79.904,266.05,55.0,78.0,6.0,0.242,1.87,167.0,3.8939,132.905,301.7,50.0,69.0,5.0,0.228,7.29,69.0,7.3439,118.71,505.21,9.0,10.0,2.0,0.824,0.0017,133.0,17.4228,18.998,53.63
66,66,Cs,Pb,Br,Cs,Sn,I,55.0,78.0,6.0,0.242,1.87,167.0,3.8939,132.905,301.7,82.0,125.0,6.0,0.129,11.3,119.0,7.4167,207.2,600.75,35.0,45.0,4.0,0.474,3.12,196.0,11.8138,79.904,266.05,55.0,78.0,6.0,0.242,1.87,167.0,3.8939,132.905,301.7,50.0,69.0,5.0,0.228,7.29,69.0,7.3439,118.71,505.21,53.0,74.0,5.0,0.214,4.93,220.0,10.4513,126.904,386.65
67,67,Cs,Pb,Br,K,Pb,Br,55.0,78.0,6.0,0.242,1.87,167.0,3.8939,132.905,301.7,82.0,125.0,6.0,0.129,11.3,119.0,7.4167,207.2,600.75,35.0,45.0,4.0,0.474,3.12,196.0,11.8138,79.904,266.05,19.0,20.0,4.0,0.757,0.862,138.0,4.3407,39.098,336.5,82.0,125.0,6.0,0.129,11.3,119.0,7.4167,207.2,600.75,35.0,45.0,4.0,0.474,3.12,196.0,11.8138,79.904,266.05
68,68,Cs,Pb,Br,K,Pb,F,55.0,78.0,6.0,0.242,1.87,167.0,3.8939,132.905,301.7,82.0,125.0,6.0,0.129,11.3,119.0,7.4167,207.2,600.75,35.0,45.0,4.0,0.474,3.12,196.0,11.8138,79.904,266.05,19.0,20.0,4.0,0.757,0.862,138.0,4.3407,39.098,336.5,82.0,125.0,6.0,0.129,11.3,119.0,7.4167,207.2,600.75,9.0,10.0,2.0,0.824,0.0017,133.0,17.4228,18.998,53.63
69,69,Cs,Pb,Br,K,Pb,I,55.0,78.0,6.0,0.242,1.87,167.0,3.8939,132.905,301.7,82.0,125.0,6.0,0.129,11.3,119.0,7.4167,207.2,600.75,35.0,45.0,4.0,0.474,3.12,196.0,11.8138,79.904,266.05,19.0,20.0,4.0,0.757,0.862,138.0,4.3407,39.098,336.5,82.0,125.0,6.0,0.129,11.3,119.0,7.4167,207.2,600.75,53.0,74.0,5.0,0.214,4.93,220.0,10.4513,126.904,386.65
70,70,Cs,Pb,Br,K,Sn,Br,55.0,78.0,6.0,0.242,1.87,167.0,3.8939,132.905,301.7,82.0,125.0,6.0,0.129,11.3,119.0,7.4167,207.2,600.75,35.0,45.0,4.0,0.474,3.12,196.0,11.8138,79.904,266.05,19.0,20.0,4.0,0.757,0.862,138.0,4.3407,39.098,336.5,50.0,69.0,5.0,0.228,7.29,69.0,7.3439,118.71,505.21,35.0,45.0,4.0,0.474,3.12,196.0,11.8138,79.904,266.05
71,71,Cs,Pb,Br,K,Sn,F,55.0,78.0,6.0,0.242,1.87,167.0,3.8939,132.905,301.7,82.0,125.0,6.0,0.129,11.3,119.0,7.4167,207.2,600.75,35.0,45.0,4.0,0.474,3.12,196.0,11.8138,79.904,266.05,19.0,20.0,4.0,0.757,0.862,138.0,4.3407,39.098,336.5,50.0,69.0,5.0,0.228,7.29,69.0,7.3439,118.71,505.21,9.0,10.0,2.0,0.824,0.0017,133.0,17.4228,18.998,53.63
72,72,Cs,Pb,Br,Li,Pb,Br,55.0,78.0,6.0,0.242,1.87,167.0,3.8939,132.905,301.7,82.0,125.0,6.0,0.129,11.3,119.0,7.4167,207.2,600.75,35.0,45.0,4.0,0.474,3.12,196.0,11.8138,79.904,266.05,3.0,4.0,2.0,3.582,0.534,76.0,5.3917,6.941,453.85,82.0,125.0,6.0,0.129,11.3,119.0,7.4167,207.2,600.75,35.0,45.0,4.0,0.474,3.12,196.0,11.8138,79.904,266.05
73,73,Cs,Pb,Br,Li,Pb,F,55.0,78.0,6.0,0.242,1.87,167.0,3.8939,132.905,301.7,82.0,125.0,6.0,0.129,11.3,119.0,7.4167,207.2,600.75,35.0,45.0,4.0,0.474,3.12,196.0,11.8138,79.904,266.05,3.0,4.0,2.0,3.582,0.534,76.0,5.3917,6.941,453.85,82.0,125.0,6.0,0.129,11.3,119.0,7.4167,207.2,600.75,9.0,10.0,2.0,0.824,0.0017,133.0,17.4228,18.998,53.63
74,74,Cs,Pb,Br,Li,Pb,I,55.0,78.0,6.0,0.242,1.87,167.0,3.8939,132.905,301.7,82.0,125.0,6.0,0.129,11.3,119.0,7.4167,207.2,600.75,35.0,45.0,4.0,0.474,3.12,196.0,11.8138,79.904,266.05,3.0,4.0,2.0,3.582,0.534,76.0,5.3917,6.941,453.85,82.0,125.0,6.0,0.129,11.3,119.0,7.4167,207.2,600.75,53.0,74.0,5.0,0.214,4.93,220.0,10.4513,126.904,386.65
75,75,Cs,Pb,Br,Li,Sn,Br,55.0,78.0,6.0,0.242,1.87,167.0,3.8939,132.905,301.7,82.0,125.0,6.0,0.129,11.3,119.0,7.4167,207.2,600.75,35.0,45.0,4.0,0.474,3.12,196.0,11.8138,79.904,266.05,3.0,4.0,2.0,3.582,0.534,76.0,5.3917,6.941,453.85,50.0,69.0,5.0,0.228,7.29,69.0,7.3439,118.71,505.21,35.0,45.0,4.0,0.474,3.12,196.0,11.8138,79.904,266.05
76,76,Cs,Pb,Br,Li,Sn,F,55.0,78.0,6.0,0.242,1.87,167.0,3.8939,132.905,301.7,82.0,125.0,6.0,0.129,11.3,119.0,7.4167,207.2,600.75,35.0,45.0,4.0,0.474,3.12,196.0,11.8138,79.904,266.05,3.0,4.0,2.0,3.582,0.534,76.0,5.3917,6.941,453.85,50.0,69.0,5.0,0.228,7.29,69.0,7.3439,118.71,505.21,9.0,10.0,2.0,0.824,0.0017,133.0,17.4228,18.998,53.63
77,77,Cs,Pb,Br,Na,Pb,Br,55.0,78.0,6.0,0.242,1.87,167.0,3.8939,132.905,301.7,82.0,125.0,6.0,0.129,11.3,119.0,7.4167,207.2,600.75,35.0,45.0,4.0,0.474,3.12,196.0,11.8138,79.904,266.05,11.0,12.0,3.0,1.228,0.971,102.0,5.1391,22.99,371.15,82.0,125.0,6.0,0.129,11.3,119.0,7.4167,207.2,600.75,35.0,45.0,4.0,0.474,3.12,196.0,11.8138,79.904,266.05
78,78,Cs,Pb,Br,Na,Pb,F,55.0,78.0,6.0,0.242,1.87,167.0,3.8939,132.905,301.7,82.0,125.0,6.0,0.129,11.3,119.0,7.4167,207.2,600.75,35.0,45.0,4.0,0.474,3.12,196.0,11.8138,79.904,266.05,11.0,12.0,3.0,1.228,0.971,102.0,5.1391,22.99,371.15,82.0,125.0,6.0,0.129,11.3,119.0,7.4167,207.2,600.75,9.0,10.0,2.0,0.824,0.0017,133.0,17.4228,18.998,53.63
79,79,Cs,Pb,Br,Na,Pb,I,55.0,78.0,6.0,0.242,1.87,167.0,3.8939,132.905,301.7,82.0,125.0,6.0,0.129,11.3,119.0,7.4167,207.2,600.75,35.0,45.0,4.0,0.474,3.12,196.0,11.8138,79.904,266.05,11.0,12.0,3.0,1.228,0.971,102.0,5.1391,22.99,371.15,82.0,125.0,6.0,0.129,11.3,119.0,7.4167,207.2,600.75,53.0,74.0,5.0,0.214,4.93,220.0,10.4513,126.904,386.65
80,80,Cs,Pb,Br,Na,Sn,Br,55.0,78.0,6.0,0.242,1.87,167.0,3.8939,132.905,301.7,82.0,125.0,6.0,0.129,11.3,119.0,7.4167,207.2,600.75,35.0,45.0,4.0,0.474,3.12,196.0,11.8138,79.904,266.05,11.0,12.0,3.0,1.228,0.971,102.0,5.1391,22.99,371.15,50.0,69.0,5.0,0.228,7.29,69.0,7.3439,118.71,505.21,35.0,45.0,4.0,0.474,3.12,196.0,11.8138,79.904,266.05
81,81,Cs,Pb,Br,Na,Sn,F,55.0,78.0,6.0,0.242,1.87,167.0,3.8939,132.905,301.7,82.0,125.0,6.0,0.129,11.3,119.0,7.4167,207.2,600.75,35.0,45.0,4.0,0.474,3.12,196.0,11.8138,79.904,266.05,11.0,12.0,3.0,1.228,0.971,102.0,5.1391,22.99,371.15,50.0,69.0,5.0,0.228,7.29,69.0,7.3439,118.71,505.21,9.0,10.0,2.0,0.824,0.0017,133.0,17.4228,18.998,53.63
82,82,Cs,Pb,Br,Rb,Ge,Br,55.0,78.0,6.0,0.242,1.87,167.0,3.8939,132.905,301.7,82.0,125.0,6.0,0.129,11.3,119.0,7.4167,207.2,600.75,35.0,45.0,4.0,0.474,3.12,196.0,11.8138,79.904,266.05,37.0,48.0,5.0,0.363,1.53,152.0,4.1771,85.468,312.79,32.0,41.0,4.0,0.32,5.32,53.0,7.8994,72.64,1211.45,35.0,45.0,4.0,0.474,3.12,196.0,11.8138,79.904,266.05
83,83,Cs,Pb,Br,Rb,Ge,F,55.0,78.0,6.0,0.242,1.87,167.0,3.8939,132.905,301.7,82.0,125.0,6.0,0.129,11.3,119.0,7.4167,207.2,600.75,35.0,45.0,4.0,0.474,3.12,196.0,11.8138,79.904,266.05,37.0,48.0,5.0,0.363,1.53,152.0,4.1771,85.468,312.79,32.0,41.0,4.0,0.32,5.32,53.0,7.8994,72.64,1211.45,9.0,10.0,2.0,0.824,0.0017,133.0,17.4228,18.998,53.63
84,84,Cs,Pb,Br,Rb,Pb,Br,55.0,78.0,6.0,0.242,1.87,167.0,3.8939,132.905,301.7,82.0,125.0,6.0,0.129,11.3,119.0,7.4167,207.2,600.75,35.0,45.0,4.0,0.474,3.12,196.0,11.8138,79.904,266.05,37.0,48.0,5.0,0.363,1.53,152.0,4.1771,85.468,312.79,82.0,125.0,6.0,0.129,11.3,119.0,7.4167,207.2,600.75,35.0,45.0,4.0,0.474,3.12,196.0,11.8138,79.904,266.05
85,85,Cs,Pb,Br,Rb,Pb,Cl,55.0,78.0,6.0,0.242,1.87,167.0,3.8939,132.905,301.7,82.0,125.0,6.0,0.129,11.3,119.0,7.4167,207.2,600.75,35.0,45.0,4.0,0.474,3.12,196.0,11.8138,79.904,266.05,37.0,48.0,5.0,0.363,1.53,152.0,4.1771,85.468,312.79,82.0,125.0,6.0,0.129,11.3,119.0,7.4167,207.2,600.75,17.0,18.0,3.0,0.479,0.00321,181.0,12.9676,35.453,172.31
86,86,Cs,Pb,Br,Rb,Pb,F,55.0,78.0,6.0,0.242,1.87,167.0,3.8939,132.905,301.7,82.0,125.0,6.0,0.129,11.3,119.0,7.4167,207.2,600.75,35.0,45.0,4.0,0.474,3.12,196.0,11.8138,79.904,266.05,37.0,48.0,5.0,0.363,1.53,152.0,4.1771,85.468,312.79,82.0,125.0,6.0,0.129,11.3,119.0,7.4167,207.2,600.75,9.0,10.0,2.0,0.824,0.0017,133.0,17.4228,18.998,53.63
87,87,Cs,Pb,Br,Rb,Pb,I,55.0,78.0,6.0,0.242,1.87,167.0,3.8939,132.905,301.7,82.0,125.0,6.0,0.129,11.3,119.0,7.4167,207.2,600.75,35.0,45.0,4.0,0.474,3.12,196.0,11.8138,79.904,266.05,37.0,48.0,5.0,0.363,1.53,152.0,4.1771,85.468,312.79,82.0,125.0,6.0,0.129,11.3,119.0,7.4167,207.2,600.75,53.0,74.0,5.0,0.214,4.93,220.0,10.4513,126.904,386.65
88,88,Cs,Pb,Br,Rb,Sn,Br,55.0,78.0,6.0,0.242,1.87,167.0,3.8939,132.905,301.7,82.0,125.0,6.0,0.129,11.3,119.0,7.4167,207.2,600.75,35.0,45.0,4.0,0.474,3.12,196.0,11.8138,79.904,266.05,37.0,48.0,5.0,0.363,1.53,152.0,4.1771,85.468,312.79,50.0,69.0,5.0,0.228,7.29,69.0,7.3439,118.71,505.21,35.0,45.0,4.0,0.474,3.12,196.0,11.8138,79.904,266.05
89,89,Cs,Pb,Br,Rb,Sn,Cl,55.0,78.0,6.0,0.242,1.87,167.0,3.8939,132.905,301.7,82.0,125.0,6.0,0.129,11.3,119.0,7.4167,207.2,600.75,35.0,45.0,4.0,0.474,3.12,196.0,11.8138,79.904,266.05,37.0,48.0,5.0,0.363,1.53,152.0,4.1771,85.468,312.79,50.0,69.0,5.0,0.228,7.29,69.0,7.3439,118.71,505.21,17.0,18.0,3.0,0.479,0.00321,181.0,12.9676,35.453,172.31
90,90,Cs,Pb,Br,Rb,Sn,F,55.0,78.0,6.0,0.242,1.87,167.0,3.8939,132.905,301.7,82.0,125.0,6.0,0.129,11.3,119.0,7.4167,207.2,600.75,35.0,45.0,4.0,0.474,3.12,196.0,11.8138,79.904,266.05,37.0,48.0,5.0,0.363,1.53,152.0,4.1771,85.468,312.79,50.0,69.0,5.0,0.228,7.29,69.0,7.3439,118.71,505.21,9.0,10.0,2.0,0.824,0.0017,133.0,17.4228,18.998,53.63
91,91,Cs,Pb,Br,Rb,Sn,I,55.0,78.0,6.0,0.242,1.87,167.0,3.8939,132.905,301.7,82.0,125.0,6.0,0.129,11.3,119.0,7.4167,207.2,600.75,35.0,45.0,4.0,0.474,3.12,196.0,11.8138,79.904,266.05,37.0,48.0,5.0,0.363,1.53,152.0,4.1771,85.468,312.79,50.0,69.0,5.0,0.228,7.29,69.0,7.3439,118.71,505.21,53.0,74.0,5.0,0.214,4.93,220.0,10.4513,126.904,386.65
92,92,Cs,Pb,Cl,Cs,Pb,Br,55.0,78.0,6.0,0.242,1.87,167.0,3.8939,132.905,301.7,82.0,125.0,6.0,0.129,11.3,119.0,7.4167,207.2,600.75,17.0,18.0,3.0,0.479,0.00321,181.0,12.9676,35.453,172.31,55.0,78.0,6.0,0.242,1.87,167.0,3.8939,132.905,301.7,82.0,125.0,6.0,0.129,11.3,119.0,7.4167,207.2,600.75,35.0,45.0,4.0,0.474,3.12,196.0,11.8138,79.904,266.05
93,93,Cs,Pb,Cl,Cs,Pb,F,55.0,78.0,6.0,0.242,1.87,167.0,3.8939,132.905,301.7,82.0,125.0,6.0,0.129,11.3,119.0,7.4167,207.2,600.75,17.0,18.0,3.0,0.479,0.00321,181.0,12.9676,35.453,172.31,55.0,78.0,6.0,0.242,1.87,167.0,3.8939,132.905,301.7,82.0,125.0,6.0,0.129,11.3,119.0,7.4167,207.2,600.75,9.0,10.0,2.0,0.824,0.0017,133.0,17.4228,18.998,53.63
94,94,Cs,Pb,Cl,Cs,Pb,I,55.0,78.0,6.0,0.242,1.87,167.0,3.8939,132.905,301.7,82.0,125.0,6.0,0.129,11.3,119.0,7.4167,207.2,600.75,17.0,18.0,3.0,0.479,0.00321,181.0,12.9676,35.453,172.31,55.0,78.0,6.0,0.242,1.87,167.0,3.8939,132.905,301.7,82.0,125.0,6.0,0.129,11.3,119.0,7.4167,207.2,600.75,53.0,74.0,5.0,0.214,4.93,220.0,10.4513,126.904,386.65
95,95,Cs,Pb,Cl,Cs,Sn,Br,55.0,78.0,6.0,0.242,1.87,167.0,3.8939,132.905,301.7,82.0,125.0,6.0,0.129,11.3,119.0,7.4167,207.2,600.75,17.0,18.0,3.0,0.479,0.00321,181.0,12.9676,35.453,172.31,55.0,78.0,6.0,0.242,1.87,167.0,3.8939,132.905,301.7,50.0,69.0,5.0,0.228,7.29,69.0,7.3439,118.71,505.21,35.0,45.0,4.0,0.474,3.12,196.0,11.8138,79.904,266.05
96,96,Cs,Pb,Cl,Cs,Sn,F,55.0,78.0,6.0,0.242,1.87,167.0,3.8939,132.905,301.7,82.0,125.0,6.0,0.129,11.3,119.0,7.4167,207.2,600.75,17.0,18.0,3.0,0.479,0.00321,181.0,12.9676,35.453,172.31,55.0,78.0,6.0,0.242,1.87,167.0,3.8939,132.905,301.7,50.0,69.0,5.0,0.228,7.29,69.0,7.3439,118.71,505.21,9.0,10.0,2.0,0.824,0.0017,133.0,17.4228,18.998,53.63
97,97,Cs,Pb,Cl,Rb,Pb,Br,55.0,78.0,6.0,0.242,1.87,167.0,3.8939,132.905,301.7,82.0,125.0,6.0,0.129,11.3,119.0,7.4167,207.2,600.75,17.0,18.0,3.0,0.479,0.00321,181.0,12.9676,35.453,172.31,37.0,48.0,5.0,0.363,1.53,152.0,4.1771,85.468,312.79,82.0,125.0,6.0,0.129,11.3,119.0,7.4167,207.2,600.75,35.0,45.0,4.0,0.474,3.12,196.0,11.8138,79.904,266.05
98,98,Cs,Pb,Cl,Rb,Pb,F,55.0,78.0,6.0,0.242,1.87,167.0,3.8939,132.905,301.7,82.0,125.0,6.0,0.129,11.3,119.0,7.4167,207.2,600.75,17.0,18.0,3.0,0.479,0.00321,181.0,12.9676,35.453,172.31,37.0,48.0,5.0,0.363,1.53,152.0,4.1771,85.468,312.79,82.0,125.0,6.0,0.129,11.3,119.0,7.4167,207.2,600.75,9.0,10.0,2.0,0.824,0.0017,133.0,17.4228,18.998,53.63
99,99,Cs,Pb,Cl,Rb,Sn,Br,55.0,78.0,6.0,0.242,1.87,167.0,3.8939,132.905,301.7,82.0,125.0,6.0,0.129,11.3,119.0,7.4167,207.2,600.75,17.0,18.0,3.0,0.479,0.00321,181.0,12.9676,35.453,172.31,37.0,48.0,5.0,0.363,1.53,152.0,4.1771,85.468,312.79,50.0,69.0,5.0,0.228,7.29,69.0,7.3439,118.71,505.21,35.0,45.0,4.0,0.474,3.12,196.0,11.8138,79.904,266.05
100,100,Cs,Pb,Cl,Rb,Sn,F,55.0,78.0,6.0,0.242,1.87,167.0,3.8939,132.905,301.7,82.0,125.0,6.0,0.129,11.3,119.0,7.4167,207.2,600.75,17.0,18.0,3.0,0.479,0.00321,181.0,12.9676,35.453,172.31,37.0,48.0,5.0,0.363,1.53,152.0,4.1771,85.468,312.79,50.0,69.0,5.0,0.228,7.29,69.0,7.3439,118.71,505.21,9.0,10.0,2.0,0.824,0.0017,133.0,17.4228,18.998,53.63
101,101,Cs,Pb,F,Cs,Pb,Br,55.0,78.0,6.0,0.242,1.87,167.0,3.8939,132.905,301.7,82.0,125.0,6.0,0.129,11.3,119.0,7.4167,207.2,600.75,9.0,10.0,2.0,0.824,0.0017,133.0,17.4228,18.998,53.63,55.0,78.0,6.0,0.242,1.87,167.0,3.8939,132.905,301.7,82.0,125.0,6.0,0.129,11.3,119.0,7.4167,207.2,600.75,35.0,45.0,4.0,0.474,3.12,196.0,11.8138,79.904,266.05
102,102,Cs,Pb,F,Cs,Pb,F,55.0,78.0,6.0,0.242,1.87,167.0,3.8939,132.905,301.7,82.0,125.0,6.0,0.129,11.3,119.0,7.4167,207.2,600.75,9.0,10.0,2.0,0.824,0.0017,133.0,17.4228,18.998,53.63,55.0,78.0,6.0,0.242,1.87,167.0,3.8939,132.905,301.7,82.0,125.0,6.0,0.129,11.3,119.0,7.4167,207.2,600.75,9.0,10.0,2.0,0.824,0.0017,133.0,17.4228,18.998,53.63
103,103,Cs,Pb,F,Cs,Pb,I,55.0,78.0,6.0,0.242,1.87,167.0,3.8939,132.905,301.7,82.0,125.0,6.0,0.129,11.3,119.0,7.4167,207.2,600.75,9.0,10.0,2.0,0.824,0.0017,133.0,17.4228,18.998,53.63,55.0,78.0,6.0,0.242,1.87,167.0,3.8939,132.905,301.7,82.0,125.0,6.0,0.129,11.3,119.0,7.4167,207.2,600.75,53.0,74.0,5.0,0.214,4.93,220.0,10.4513,126.904,386.65
104,104,Cs,Pb,F,Cs,Sn,Br,55.0,78.0,6.0,0.242,1.87,167.0,3.8939,132.905,301.7,82.0,125.0,6.0,0.129,11.3,119.0,7.4167,207.2,600.75,9.0,10.0,2.0,0.824,0.0017,133.0,17.4228,18.998,53.63,55.0,78.0,6.0,0.242,1.87,167.0,3.8939,132.905,301.7,50.0,69.0,5.0,0.228,7.29,69.0,7.3439,118.71,505.21,35.0,45.0,4.0,0.474,3.12,196.0,11.8138,79.904,266.05
105,105,Cs,Pb,F,Cs,Sn,F,55.0,78.0,6.0,0.242,1.87,167.0,3.8939,132.905,301.7,82.0,125.0,6.0,0.129,11.3,119.0,7.4167,207.2,600.75,9.0,10.0,2.0,0.824,0.0017,133.0,17.4228,18.998,53.63,55.0,78.0,6.0,0.242,1.87,167.0,3.8939,132.905,301.7,50.0,69.0,5.0,0.228,7.29,69.0,7.3439,118.71,505.21,9.0,10.0,2.0,0.824,0.0017,133.0,17.4228,18.998,53.63
106,106,Cs,Pb,F,Rb,Pb,Br,55.0,78.0,6.0,0.242,1.87,167.0,3.8939,132.905,301.7,82.0,125.0,6.0,0.129,11.3,119.0,7.4167,207.2,600.75,9.0,10.0,2.0,0.824,0.0017,133.0,17.4228,18.998,53.63,37.0,48.0,5.0,0.363,1.53,152.0,4.1771,85.468,312.79,82.0,125.0,6.0,0.129,11.3,119.0,7.4167,207.2,600.75,35.0,45.0,4.0,0.474,3.12,196.0,11.8138,79.904,266.05
107,107,Cs,Pb,F,Rb,Pb,F,55.0,78.0,6.0,0.242,1.87,167.0,3.8939,132.905,301.7,82.0,125.0,6.0,0.129,11.3,119.0,7.4167,207.2,600.75,9.0,10.0,2.0,0.824,0.0017,133.0,17.4228,18.998,53.63,37.0,48.0,5.0,0.363,1.53,152.0,4.1771,85.468,312.79,82.0,125.0,6.0,0.129,11.3,119.0,7.4167,207.2,600.75,9.0,10.0,2.0,0.824,0.0017,133.0,17.4228,18.998,53.63
108,108,Cs,Pb,F,Rb,Sn,Br,55.0,78.0,6.0,0.242,1.87,167.0,3.8939,132.905,301.7,82.0,125.0,6.0,0.129,11.3,119.0,7.4167,207.2,600.75,9.0,10.0,2.0,0.824,0.0017,133.0,17.4228,18.998,53.63,37.0,48.0,5.0,0.363,1.53,152.0,4.1771,85.468,312.79,50.0,69.0,5.0,0.228,7.29,69.0,7.3439,118.71,505.21,35.0,45.0,4.0,0.474,3.12,196.0,11.8138,79.904,266.05
109,109,Cs,Pb,F,Rb,Sn,F,55.0,78.0,6.0,0.242,1.87,167.0,3.8939,132.905,301.7,82.0,125.0,6.0,0.129,11.3,119.0,7.4167,207.2,600.75,9.0,10.0,2.0,0.824,0.0017,133.0,17.4228,18.998,53.63,37.0,48.0,5.0,0.363,1.53,152.0,4.1771,85.468,312.79,50.0,69.0,5.0,0.228,7.29,69.0,7.3439,118.71,505.21,9.0,10.0,2.0,0.824,0.0017,133.0,17.4228,18.998,53.63
110,110,Cs,Pb,I,Cs,Pb,Br,55.0,78.0,6.0,0.242,1.87,167.0,3.8939,132.905,301.7,82.0,125.0,6.0,0.129,11.3,119.0,7.4167,207.2,600.75,53.0,74.0,5.0,0.214,4.93,220.0,10.4513,126.904,386.65,55.0,78.0,6.0,0.242,1.87,167.0,3.8939,132.905,301.7,82.0,125.0,6.0,0.129,11.3,119.0,7.4167,207.2,600.75,35.0,45.0,4.0,0.474,3.12,196.0,11.8138,79.904,266.05
111,111,Cs,Pb,I,Cs,Pb,F,55.0,78.0,6.0,0.242,1.87,167.0,3.8939,132.905,301.7,82.0,125.0,6.0,0.129,11.3,119.0,7.4167,207.2,600.75,53.0,74.0,5.0,0.214,4.93,220.0,10.4513,126.904,386.65,55.0,78.0,6.0,0.242,1.87,167.0,3.8939,132.905,301.7,82.0,125.0,6.0,0.129,11.3,119.0,7.4167,207.2,600.75,9.0,10.0,2.0,0.824,0.0017,133.0,17.4228,18.998,53.63
112,112,Cs,Pb,I,Cs,Pb,I,55.0,78.0,6.0,0.242,1.87,167.0,3.8939,132.905,301.7,82.0,125.0,6.0,0.129,11.3,119.0,7.4167,207.2,600.75,53.0,74.0,5.0,0.214,4.93,220.0,10.4513,126.904,386.65,55.0,78.0,6.0,0.242,1.87,167.0,3.8939,132.905,301.7,82.0,125.0,6.0,0.129,11.3,119.0,7.4167,207.2,600.75,53.0,74.0,5.0,0.214,4.93,220.0,10.4513,126.904,386.65
113,113,Cs,Pb,I,Cs,Sn,Br,55.0,78.0,6.0,0.242,1.87,167.0,3.8939,132.905,301.7,82.0,125.0,6.0,0.129,11.3,119.0,7.4167,207.2,600.75,53.0,74.0,5.0,0.214,4.93,220.0,10.4513,126.904,386.65,55.0,78.0,6.0,0.242,1.87,167.0,3.8939,132.905,301.7,50.0,69.0,5.0,0.228,7.29,69.0,7.3439,118.71,505.21,35.0,45.0,4.0,0.474,3.12,196.0,11.8138,79.904,266.05
114,114,Cs,Pb,I,Cs,Sn,F,55.0,78.0,6.0,0.242,1.87,167.0,3.8939,132.905,301.7,82.0,125.0,6.0,0.129,11.3,119.0,7.4167,207.2,600.75,53.0,74.0,5.0,0.214,4.93,220.0,10.4513,126.904,386.65,55.0,78.0,6.0,0.242,1.87,167.0,3.8939,132.905,301.7,50.0,69.0,5.0,0.228,7.29,69.0,7.3439,118.71,505.21,9.0,10.0,2.0,0.824,0.0017,133.0,17.4228,18.998,53.63
115,115,Cs,Pb,I,Rb,Pb,Br,55.0,78.0,6.0,0.242,1.87,167.0,3.8939,132.905,301.7,82.0,125.0,6.0,0.129,11.3,119.0,7.4167,207.2,600.75,53.0,74.0,5.0,0.214,4.93,220.0,10.4513,126.904,386.65,37.0,48.0,5.0,0.363,1.53,152.0,4.1771,85.468,312.79,82.0,125.0,6.0,0.129,11.3,119.0,7.4167,207.2,600.75,35.0,45.0,4.0,0.474,3.12,196.0,11.8138,79.904,266.05
116,116,Cs,Pb,I,Rb,Pb,F,55.0,78.0,6.0,0.242,1.87,167.0,3.8939,132.905,301.7,82.0,125.0,6.0,0.129,11.3,119.0,7.4167,207.2,600.75,53.0,74.0,5.0,0.214,4.93,220.0,10.4513,126.904,386.65,37.0,48.0,5.0,0.363,1.53,152.0,4.1771,85.468,312.79,82.0,125.0,6.0,0.129,11.3,119.0,7.4167,207.2,600.75,9.0,10.0,2.0,0.824,0.0017,133.0,17.4228,18.998,53.63
117,117,Cs,Pb,I,Rb,Sn,Br,55.0,78.0,6.0,0.242,1.87,167.0,3.8939,132.905,301.7,82.0,125.0,6.0,0.129,11.3,119.0,7.4167,207.2,600.75,53.0,74.0,5.0,0.214,4.93,220.0,10.4513,126.904,386.65,37.0,48.0,5.0,0.363,1.53,152.0,4.1771,85.468,312.79,50.0,69.0,5.0,0.228,7.29,69.0,7.3439,118.71,505.21,35.0,45.0,4.0,0.474,3.12,196.0,11.8138,79.904,266.05
118,118,Cs,Pb,I,Rb,Sn,F,55.0,78.0,6.0,0.242,1.87,167.0,3.8939,132.905,301.7,82.0,125.0,6.0,0.129,11.3,119.0,7.4167,207.2,600.75,53.0,74.0,5.0,0.214,4.93,220.0,10.4513,126.904,386.65,37.0,48.0,5.0,0.363,1.53,152.0,4.1771,85.468,312.79,50.0,69.0,5.0,0.228,7.29,69.0,7.3439,118.71,505.21,9.0,10.0,2.0,0.824,0.0017,133.0,17.4228,18.998,53.63
119,119,Cs,Sn,Br,Cs,Pb,Br,55.0,78.0,6.0,0.242,1.87,167.0,3.8939,132.905,301.7,50.0,69.0,5.0,0.228,7.29,69.0,7.3439,118.71,505.21,35.0,45.0,4.0,0.474,3.12,196.0,11.8138,79.904,266.05,55.0,78.0,6.0,0.242,1.87,167.0,3.8939,132.905,301.7,82.0,125.0,6.0,0.129,11.3,119.0,7.4167,207.2,600.75,35.0,45.0,4.0,0.474,3.12,196.0,11.8138,79.904,266.05
120,120,Cs,Sn,Br,Cs,Pb,F,55.0,78.0,6.0,0.242,1.87,167.0,3.8939,132.905,301.7,50.0,69.0,5.0,0.228,7.29,69.0,7.3439,118.71,505.21,35.0,45.0,4.0,0.474,3.12,196.0,11.8138,79.904,266.05,55.0,78.0,6.0,0.242,1.87,167.0,3.8939,132.905,301.7,82.0,125.0,6.0,0.129,11.3,119.0,7.4167,207.2,600.75,9.0,10.0,2.0,0.824,0.0017,133.0,17.4228,18.998,53.63
121,121,Cs,Sn,Br,Cs,Pb,I,55.0,78.0,6.0,0.242,1.87,167.0,3.8939,132.905,301.7,50.0,69.0,5.0,0.228,7.29,69.0,7.3439,118.71,505.21,35.0,45.0,4.0,0.474,3.12,196.0,11.8138,79.904,266.05,55.0,78.0,6.0,0.242,1.87,167.0,3.8939,132.905,301.7,82.0,125.0,6.0,0.129,11.3,119.0,7.4167,207.2,600.75,53.0,74.0,5.0,0.214,4.93,220.0,10.4513,126.904,386.65
122,122,Cs,Sn,Br,Cs,Sn,Br,55.0,78.0,6.0,0.242,1.87,167.0,3.8939,132.905,301.7,50.0,69.0,5.0,0.228,7.29,69.0,7.3439,118.71,505.21,35.0,45.0,4.0,0.474,3.12,196.0,11.8138,79.904,266.05,55.0,78.0,6.0,0.242,1.87,167.0,3.8939,132.905,301.7,50.0,69.0,5.0,0.228,7.29,69.0,7.3439,118.71,505.21,35.0,45.0,4.0,0.474,3.12,196.0,11.8138,79.904,266.05
123,123,Cs,Sn,Br,Cs,Sn,F,55.0,78.0,6.0,0.242,1.87,167.0,3.8939,132.905,301.7,50.0,69.0,5.0,0.228,7.29,69.0,7.3439,118.71,505.21,35.0,45.0,4.0,0.474,3.12,196.0,11.8138,79.904,266.05,55.0,78.0,6.0,0.242,1.87,167.0,3.8939,132.905,301.7,50.0,69.0,5.0,0.228,7.29,69.0,7.3439,118.71,505.21,9.0,10.0,2.0,0.824,0.0017,133.0,17.4228,18.998,53.63
124,124,Cs,Sn,Br,Rb,Pb,Br,55.0,78.0,6.0,0.242,1.87,167.0,3.8939,132.905,301.7,50.0,69.0,5.0,0.228,7.29,69.0,7.3439,118.71,505.21,35.0,45.0,4.0,0.474,3.12,196.0,11.8138,79.904,266.05,37.0,48.0,5.0,0.363,1.53,152.0,4.1771,85.468,312.79,82.0,125.0,6.0,0.129,11.3,119.0,7.4167,207.2,600.75,35.0,45.0,4.0,0.474,3.12,196.0,11.8138,79.904,266.05
125,125,Cs,Sn,Br,Rb,Pb,F,55.0,78.0,6.0,0.242,1.87,167.0,3.8939,132.905,301.7,50.0,69.0,5.0,0.228,7.29,69.0,7.3439,118.71,505.21,35.0,45.0,4.0,0.474,3.12,196.0,11.8138,79.904,266.05,37.0,48.0,5.0,0.363,1.53,152.0,4.1771,85.468,312.79,82.0,125.0,6.0,0.129,11.3,119.0,7.4167,207.2,600.75,9.0,10.0,2.0,0.824,0.0017,133.0,17.4228,18.998,53.63
126,126,Cs,Sn,Br,Rb,Sn,Br,55.0,78.0,6.0,0.242,1.87,167.0,3.8939,132.905,301.7,50.0,69.0,5.0,0.228,7.29,69.0,7.3439,118.71,505.21,35.0,45.0,4.0,0.474,3.12,196.0,11.8138,79.904,266.05,37.0,48.0,5.0,0.363,1.53,152.0,4.1771,85.468,312.79,50.0,69.0,5.0,0.228,7.29,69.0,7.3439,118.71,505.21,35.0,45.0,4.0,0.474,3.12,196.0,11.8138,79.904,266.05
127,127,Cs,Sn,Br,Rb,Sn,F,55.0,78.0,6.0,0.242,1.87,167.0,3.8939,132.905,301.7,50.0,69.0,5.0,0.228,7.29,69.0,7.3439,118.71,505.21,35.0,45.0,4.0,0.474,3.12,196.0,11.8138,79.904,266.05,37.0,48.0,5.0,0.363,1.53,152.0,4.1771,85.468,312.79,50.0,69.0,5.0,0.228,7.29,69.0,7.3439,118.71,505.21,9.0,10.0,2.0,0.824,0.0017,133.0,17.4228,18.998,53.63
128,128,K,Ge,Br,Cs,Pb,Br,19.0,20.0,4.0,0.757,0.862,138.0,4.3407,39.098,336.5,32.0,41.0,4.0,0.32,5.32,53.0,7.8994,72.64,1211.45,35.0,45.0,4.0,0.474,3.12,196.0,11.8138,79.904,266.05,55.0,78.0,6.0,0.242,1.87,167.0,3.8939,132.905,301.7,82.0,125.0,6.0,0.129,11.3,119.0,7.4167,207.2,600.75,35.0,45.0,4.0,0.474,3.12,196.0,11.8138,79.904,266.05
129,129,K,Ge,Br,Cs,Pb,F,19.0,20.0,4.0,0.757,0.862,138.0,4.3407,39.098,336.5,32.0,41.0,4.0,0.32,5.32,53.0,7.8994,72.64,1211.45,35.0,45.0,4.0,0.474,3.12,196.0,11.8138,79.904,266.05,55.0,78.0,6.0,0.242,1.87,167.0,3.8939,132.905,301.7,82.0,125.0,6.0,0.129,11.3,119.0,7.4167,207.2,600.75,9.0,10.0,2.0,0.824,0.0017,133.0,17.4228,18.998,53.63
130,130,K,Ge,Br,Cs,Pb,I,19.0,20.0,4.0,0.757,0.862,138.0,4.3407,39.098,336.5,32.0,41.0,4.0,0.32,5.32,53.0,7.8994,72.64,1211.45,35.0,45.0,4.0,0.474,3.12,196.0,11.8138,79.904,266.05,55.0,78.0,6.0,0.242,1.87,167.0,3.8939,132.905,301.7,82.0,125.0,6.0,0.129,11.3,119.0,7.4167,207.2,600.75,53.0,74.0,5.0,0.214,4.93,220.0,10.4513,126.904,386.65
131,131,K,Ge,Br,Cs,Sn,Br,19.0,20.0,4.0,0.757,0.862,138.0,4.3407,39.098,336.5,32.0,41.0,4.0,0.32,5.32,53.0,7.8994,72.64,1211.45,35.0,45.0,4.0,0.474,3.12,196.0,11.8138,79.904,266.05,55.0,78.0,6.0,0.242,1.87,167.0,3.8939,132.905,301.7,50.0,69.0,5.0,0.228,7.29,69.0,7.3439,118.71,505.21,35.0,45.0,4.0,0.474,3.12,196.0,11.8138,79.904,266.05
132,132,K,Ge,Br,Cs,Sn,F,19.0,20.0,4.0,0.757,0.862,138.0,4.3407,39.098,336.5,32.0,41.0,4.0,0.32,5.32,53.0,7.8994,72.64,1211.45,35.0,45.0,4.0,0.474,3.12,196.0,11.8138,79.904,266.05,55.0,78.0,6.0,0.242,1.87,167.0,3.8939,132.905,301.7,50.0,69.0,5.0,0.228,7.29,69.0,7.3439,118.71,505.21,9.0,10.0,2.0,0.824,0.0017,133.0,17.4228,18.998,53.63
133,133,K,Ge,Br,Rb,Pb,Br,19.0,20.0,4.0,0.757,0.862,138.0,4.3407,39.098,336.5,32.0,41.0,4.0,0.32,5.32,53.0,7.8994,72.64,1211.45,35.0,45.0,4.0,0.474,3.12,196.0,11.8138,79.904,266.05,37.0,48.0,5.0,0.363,1.53,152.0,4.1771,85.468,312.79,82.0,125.0,6.0,0.129,11.3,119.0,7.4167,207.2,600.75,35.0,45.0,4.0,0.474,3.12,196.0,11.8138,79.904,266.05
134,134,K,Ge,Br,Rb,Pb,F,19.0,20.0,4.0,0.757,0.862,138.0,4.3407,39.098,336.5,32.0,41.0,4.0,0.32,5.32,53.0,7.8994,72.64,1211.45,35.0,45.0,4.0,0.474,3.12,196.0,11.8138,79.904,266.05,37.0,48.0,5.0,0.363,1.53,152.0,4.1771,85.468,312.79,82.0,125.0,6.0,0.129,11.3,119.0,7.4167,207.2,600.75,9.0,10.0,2.0,0.824,0.0017,133.0,17.4228,18.998,53.63
135,135,K,Ge,Br,Rb,Sn,Br,19.0,20.0,4.0,0.757,0.862,138.0,4.3407,39.098,336.5,32.0,41.0,4.0,0.32,5.32,53.0,7.8994,72.64,1211.45,35.0,45.0,4.0,0.474,3.12,196.0,11.8138,79.904,266.05,37.0,48.0,5.0,0.363,1.53,152.0,4.1771,85.468,312.79,50.0,69.0,5.0,0.228,7.29,69.0,7.3439,118.71,505.21,35.0,45.0,4.0,0.474,3.12,196.0,11.8138,79.904,266.05
136,136,K,Ge,Br,Rb,Sn,F,19.0,20.0,4.0,0.757,0.862,138.0,4.3407,39.098,336.5,32.0,41.0,4.0,0.32,5.32,53.0,7.8994,72.64,1211.45,35.0,45.0,4.0,0.474,3.12,196.0,11.8138,79.904,266.05,37.0,48.0,5.0,0.363,1.53,152.0,4.1771,85.468,312.79,50.0,69.0,5.0,0.228,7.29,69.0,7.3439,118.71,505.21,9.0,10.0,2.0,0.824,0.0017,133.0,17.4228,18.998,53.63
137,137,K,Pb,Br,Cs,Pb,Br,19.0,20.0,4.0,0.757,0.862,138.0,4.3407,39.098,336.5,82.0,125.0,6.0,0.129,11.3,119.0,7.4167,207.2,600.75,35.0,45.0,4.0,0.474,3.12,196.0,11.8138,79.904,266.05,55.0,78.0,6.0,0.242,1.87,167.0,3.8939,132.905,301.7,82.0,125.0,6.0,0.129,11.3,119.0,7.4167,207.2,600.75,35.0,45.0,4.0,0.474,3.12,196.0,11.8138,79.904,266.05
138,138,K,Pb,Br,Cs,Pb,F,19.0,20.0,4.0,0.757,0.862,138.0,4.3407,39.098,336.5,82.0,125.0,6.0,0.129,11.3,119.0,7.4167,207.2,600.75,35.0,45.0,4.0,0.474,3.12,196.0,11.8138,79.904,266.05,55.0,78.0,6.0,0.242,1.87,167.0,3.8939,132.905,301.7,82.0,125.0,6.0,0.129,11.3,119.0,7.4167,207.2,600.75,9.0,10.0,2.0,0.824,0.0017,133.0,17.4228,18.998,53.63
139,139,K,Pb,Br,Cs,Pb,I,19.0,20.0,4.0,0.757,0.862,138.0,4.3407,39.098,336.5,82.0,125.0,6.0,0.129,11.3,119.0,7.4167,207.2,600.75,35.0,45.0,4.0,0.474,3.12,196.0,11.8138,79.904,266.05,55.0,78.0,6.0,0.242,1.87,167.0,3.8939,132.905,301.7,82.0,125.0,6.0,0.129,11.3,119.0,7.4167,207.2,600.75,53.0,74.0,5.0,0.214,4.93,220.0,10.4513,126.904,386.65
140,140,K,Pb,Br,Cs,Sn,Br,19.0,20.0,4.0,0.757,0.862,138.0,4.3407,39.098,336.5,82.0,125.0,6.0,0.129,11.3,119.0,7.4167,207.2,600.75,35.0,45.0,4.0,0.474,3.12,196.0,11.8138,79.904,266.05,55.0,78.0,6.0,0.242,1.87,167.0,3.8939,132.905,301.7,50.0,69.0,5.0,0.228,7.29,69.0,7.3439,118.71,505.21,35.0,45.0,4.0,0.474,3.12,196.0,11.8138,79.904,266.05
141,141,K,Pb,Br,Cs,Sn,F,19.0,20.0,4.0,0.757,0.862,138.0,4.3407,39.098,336.5,82.0,125.0,6.0,0.129,11.3,119.0,7.4167,207.2,600.75,35.0,45.0,4.0,0.474,3.12,196.0,11.8138,79.904,266.05,55.0,78.0,6.0,0.242,1.87,167.0,3.8939,132.905,301.7,50.0,69.0,5.0,0.228,7.29,69.0,7.3439,118.71,505.21,9.0,10.0,2.0,0.824,0.0017,133.0,17.4228,18.998,53.63
142,142,K,Pb,Br,Rb,Pb,Br,19.0,20.0,4.0,0.757,0.862,138.0,4.3407,39.098,336.5,82.0,125.0,6.0,0.129,11.3,119.0,7.4167,207.2,600.75,35.0,45.0,4.0,0.474,3.12,196.0,11.8138,79.904,266.05,37.0,48.0,5.0,0.363,1.53,152.0,4.1771,85.468,312.79,82.0,125.0,6.0,0.129,11.3,119.0,7.4167,207.2,600.75,35.0,45.0,4.0,0.474,3.12,196.0,11.8138,79.904,266.05
143,143,K,Pb,Br,Rb,Pb,F,19.0,20.0,4.0,0.757,0.862,138.0,4.3407,39.098,336.5,82.0,125.0,6.0,0.129,11.3,119.0,7.4167,207.2,600.75,35.0,45.0,4.0,0.474,3.12,196.0,11.8138,79.904,266.05,37.0,48.0,5.0,0.363,1.53,152.0,4.1771,85.468,312.79,82.0,125.0,6.0,0.129,11.3,119.0,7.4167,207.2,600.75,9.0,10.0,2.0,0.824,0.0017,133.0,17.4228,18.998,53.63
144,144,K,Pb,Br,Rb,Sn,Br,19.0,20.0,4.0,0.757,0.862,138.0,4.3407,39.098,336.5,82.0,125.0,6.0,0.129,11.3,119.0,7.4167,207.2,600.75,35.0,45.0,4.0,0.474,3.12,196.0,11.8138,79.904,266.05,37.0,48.0,5.0,0.363,1.53,152.0,4.1771,85.468,312.79,50.0,69.0,5.0,0.228,7.29,69.0,7.3439,118.71,505.21,35.0,45.0,4.0,0.474,3.12,196.0,11.8138,79.904,266.05
145,145,K,Pb,Br,Rb,Sn,F,19.0,20.0,4.0,0.757,0.862,138.0,4.3407,39.098,336.5,82.0,125.0,6.0,0.129,11.3,119.0,7.4167,207.2,600.75,35.0,45.0,4.0,0.474,3.12,196.0,11.8138,79.904,266.05,37.0,48.0,5.0,0.363,1.53,152.0,4.1771,85.468,312.79,50.0,69.0,5.0,0.228,7.29,69.0,7.3439,118.71,505.21,9.0,10.0,2.0,0.824,0.0017,133.0,17.4228,18.998,53.63
146,146,Li,Ge,Br,Cs,Pb,Br,3.0,4.0,2.0,3.582,0.534,76.0,5.3917,6.941,453.85,32.0,41.0,4.0,0.32,5.32,53.0,7.8994,72.64,1211.45,35.0,45.0,4.0,0.474,3.12,196.0,11.8138,79.904,266.05,55.0,78.0,6.0,0.242,1.87,167.0,3.8939,132.905,301.7,82.0,125.0,6.0,0.129,11.3,119.0,7.4167,207.2,600.75,35.0,45.0,4.0,0.474,3.12,196.0,11.8138,79.904,266.05
147,147,Li,Ge,Br,Cs,Pb,F,3.0,4.0,2.0,3.582,0.534,76.0,5.3917,6.941,453.85,32.0,41.0,4.0,0.32,5.32,53.0,7.8994,72.64,1211.45,35.0,45.0,4.0,0.474,3.12,196.0,11.8138,79.904,266.05,55.0,78.0,6.0,0.242,1.87,167.0,3.8939,132.905,301.7,82.0,125.0,6.0,0.129,11.3,119.0,7.4167,207.2,600.75,9.0,10.0,2.0,0.824,0.0017,133.0,17.4228,18.998,53.63
148,148,Li,Ge,Br,Cs,Pb,I,3.0,4.0,2.0,3.582,0.534,76.0,5.3917,6.941,453.85,32.0,41.0,4.0,0.32,5.32,53.0,7.8994,72.64,1211.45,35.0,45.0,4.0,0.474,3.12,196.0,11.8138,79.904,266.05,55.0,78.0,6.0,0.242,1.87,167.0,3.8939,132.905,301.7,82.0,125.0,6.0,0.129,11.3,119.0,7.4167,207.2,600.75,53.0,74.0,5.0,0.214,4.93,220.0,10.4513,126.904,386.65
149,149,Li,Ge,Br,Cs,Sn,Br,3.0,4.0,2.0,3.582,0.534,76.0,5.3917,6.941,453.85,32.0,41.0,4.0,0.32,5.32,53.0,7.8994,72.64,1211.45,35.0,45.0,4.0,0.474,3.12,196.0,11.8138,79.904,266.05,55.0,78.0,6.0,0.242,1.87,167.0,3.8939,132.905,301.7,50.0,69.0,5.0,0.228,7.29,69.0,7.3439,118.71,505.21,35.0,45.0,4.0,0.474,3.12,196.0,11.8138,79.904,266.05
150,150,Li,Ge,Br,Cs,Sn,F,3.0,4.0,2.0,3.582,0.534,76.0,5.3917,6.941,453.85,32.0,41.0,4.0,0.32,5.32,53.0,7.8994,72.64,1211.45,35.0,45.0,4.0,0.474,3.12,196.0,11.8138,79.904,266.05,55.0,78.0,6.0,0.242,1.87,167.0,3.8939,132.905,301.7,50.0,69.0,5.0,0.228,7.29,69.0,7.3439,118.71,505.21,9.0,10.0,2.0,0.824,0.0017,133.0,17.4228,18.998,53.63
151,151,Li,Ge,Br,Rb,Pb,Br,3.0,4.0,2.0,3.582,0.534,76.0,5.3917,6.941,453.85,32.0,41.0,4.0,0.32,5.32,53.0,7.8994,72.64,1211.45,35.0,45.0,4.0,0.474,3.12,196.0,11.8138,79.904,266.05,37.0,48.0,5.0,0.363,1.53,152.0,4.1771,85.468,312.79,82.0,125.0,6.0,0.129,11.3,119.0,7.4167,207.2,600.75,35.0,45.0,4.0,0.474,3.12,196.0,11.8138,79.904,266.05
152,152,Li,Ge,Br,Rb,Pb,F,3.0,4.0,2.0,3.582,0.534,76.0,5.3917,6.941,453.85,32.0,41.0,4.0,0.32,5.32,53.0,7.8994,72.64,1211.45,35.0,45.0,4.0,0.474,3.12,196.0,11.8138,79.904,266.05,37.0,48.0,5.0,0.363,1.53,152.0,4.1771,85.468,312.79,82.0,125.0,6.0,0.129,11.3,119.0,7.4167,207.2,600.75,9.0,10.0,2.0,0.824,0.0017,133.0,17.4228,18.998,53.63
153,153,Li,Ge,Br,Rb,Sn,Br,3.0,4.0,2.0,3.582,0.534,76.0,5.3917,6.941,453.85,32.0,41.0,4.0,0.32,5.32,53.0,7.8994,72.64,1211.45,35.0,45.0,4.0,0.474,3.12,196.0,11.8138,79.904,266.05,37.0,48.0,5.0,0.363,1.53,152.0,4.1771,85.468,312.79,50.0,69.0,5.0,0.228,7.29,69.0,7.3439,118.71,505.21,35.0,45.0,4.0,0.474,3.12,196.0,11.8138,79.904,266.05
154,154,Li,Ge,Br,Rb,Sn,F,3.0,4.0,2.0,3.582,0.534,76.0,5.3917,6.941,453.85,32.0,41.0,4.0,0.32,5.32,53.0,7.8994,72.64,1211.45,35.0,45.0,4.0,0.474,3.12,196.0,11.8138,79.904,266.05,37.0,48.0,5.0,0.363,1.53,152.0,4.1771,85.468,312.79,50.0,69.0,5.0,0.228,7.29,69.0,7.3439,118.71,505.21,9.0,10.0,2.0,0.824,0.0017,133.0,17.4228,18.998,53.63
155,155,Li,Pb,Br,Cs,Pb,Br,3.0,4.0,2.0,3.582,0.534,76.0,5.3917,6.941,453.85,82.0,125.0,6.0,0.129,11.3,119.0,7.4167,207.2,600.75,35.0,45.0,4.0,0.474,3.12,196.0,11.8138,79.904,266.05,55.0,78.0,6.0,0.242,1.87,167.0,3.8939,132.905,301.7,82.0,125.0,6.0,0.129,11.3,119.0,7.4167,207.2,600.75,35.0,45.0,4.0,0.474,3.12,196.0,11.8138,79.904,266.05
156,156,Li,Pb,Br,Cs,Pb,F,3.0,4.0,2.0,3.582,0.534,76.0,5.3917,6.941,453.85,82.0,125.0,6.0,0.129,11.3,119.0,7.4167,207.2,600.75,35.0,45.0,4.0,0.474,3.12,196.0,11.8138,79.904,266.05,55.0,78.0,6.0,0.242,1.87,167.0,3.8939,132.905,301.7,82.0,125.0,6.0,0.129,11.3,119.0,7.4167,207.2,600.75,9.0,10.0,2.0,0.824,0.0017,133.0,17.4228,18.998,53.63
157,157,Li,Pb,Br,Cs,Pb,I,3.0,4.0,2.0,3.582,0.534,76.0,5.3917,6.941,453.85,82.0,125.0,6.0,0.129,11.3,119.0,7.4167,207.2,600.75,35.0,45.0,4.0,0.474,3.12,196.0,11.8138,79.904,266.05,55.0,78.0,6.0,0.242,1.87,167.0,3.8939,132.905,301.7,82.0,125.0,6.0,0.129,11.3,119.0,7.4167,207.2,600.75,53.0,74.0,5.0,0.214,4.93,220.0,10.4513,126.904,386.65
158,158,Li,Pb,Br,Cs,Sn,Br,3.0,4.0,2.0,3.582,0.534,76.0,5.3917,6.941,453.85,82.0,125.0,6.0,0.129,11.3,119.0,7.4167,207.2,600.75,35.0,45.0,4.0,0.474,3.12,196.0,11.8138,79.904,266.05,55.0,78.0,6.0,0.242,1.87,167.0,3.8939,132.905,301.7,50.0,69.0,5.0,0.228,7.29,69.0,7.3439,118.71,505.21,35.0,45.0,4.0,0.474,3.12,196.0,11.8138,79.904,266.05
159,159,Li,Pb,Br,Rb,Pb,F,3.0,4.0,2.0,3.582,0.534,76.0,5.3917,6.941,453.85,82.0,125.0,6.0,0.129,11.3,119.0,7.4167,207.2,600.75,35.0,45.0,4.0,0.474,3.12,196.0,11.8138,79.904,266.05,37.0,48.0,5.0,0.363,1.53,152.0,4.1771,85.468,312.79,82.0,125.0,6.0,0.129,11.3,119.0,7.4167,207.2,600.75,9.0,10.0,2.0,0.824,0.0017,133.0,17.4228,18.998,53.63
160,160,Li,Pb,Br,Rb,Sn,Br,3.0,4.0,2.0,3.582,0.534,76.0,5.3917,6.941,453.85,82.0,125.0,6.0,0.129,11.3,119.0,7.4167,207.2,600.75,35.0,45.0,4.0,0.474,3.12,196.0,11.8138,79.904,266.05,37.0,48.0,5.0,0.363,1.53,152.0,4.1771,85.468,312.79,50.0,69.0,5.0,0.228,7.29,69.0,7.3439,118.71,505.21,35.0,45.0,4.0,0.474,3.12,196.0,11.8138,79.904,266.05
161,161,Li,Pb,Br,Rb,Sn,F,3.0,4.0,2.0,3.582,0.534,76.0,5.3917,6.941,453.85,82.0,125.0,6.0,0.129,11.3,119.0,7.4167,207.2,600.75,35.0,45.0,4.0,0.474,3.12,196.0,11.8138,79.904,266.05,37.0,48.0,5.0,0.363,1.53,152.0,4.1771,85.468,312.79,50.0,69.0,5.0,0.228,7.29,69.0,7.3439,118.71,505.21,9.0,10.0,2.0,0.824,0.0017,133.0,17.4228,18.998,53.63
162,162,Na,Ge,Br,Cs,Pb,Br,11.0,12.0,3.0,1.228,0.971,102.0,5.1391,22.99,371.15,32.0,41.0,4.0,0.32,5.32,53.0,7.8994,72.64,1211.45,35.0,45.0,4.0,0.474,3.12,196.0,11.8138,79.904,266.05,55.0,78.0,6.0,0.242,1.87,167.0,3.8939,132.905,301.7,82.0,125.0,6.0,0.129,11.3,119.0,7.4167,207.2,600.75,35.0,45.0,4.0,0.474,3.12,196.0,11.8138,79.904,266.05
163,163,Na,Ge,Br,Cs,Pb,F,11.0,12.0,3.0,1.228,0.971,102.0,5.1391,22.99,371.15,32.0,41.0,4.0,0.32,5.32,53.0,7.8994,72.64,1211.45,35.0,45.0,4.0,0.474,3.12,196.0,11.8138,79.904,266.05,55.0,78.0,6.0,0.242,1.87,167.0,3.8939,132.905,301.7,82.0,125.0,6.0,0.129,11.3,119.0,7.4167,207.2,600.75,9.0,10.0,2.0,0.824,0.0017,133.0,17.4228,18.998,53.63
164,164,Na,Ge,Br,Cs,Sn,Br,11.0,12.0,3.0,1.228,0.971,102.0,5.1391,22.99,371.15,32.0,41.0,4.0,0.32,5.32,53.0,7.8994,72.64,1211.45,35.0,45.0,4.0,0.474,3.12,196.0,11.8138,79.904,266.05,55.0,78.0,6.0,0.242,1.87,167.0,3.8939,132.905,301.7,50.0,69.0,5.0,0.228,7.29,69.0,7.3439,118.71,505.21,35.0,45.0,4.0,0.474,3.12,196.0,11.8138,79.904,266.05
165,165,Na,Ge,Br,Cs,Sn,F,11.0,12.0,3.0,1.228,0.971,102.0,5.1391,22.99,371.15,32.0,41.0,4.0,0.32,5.32,53.0,7.8994,72.64,1211.45,35.0,45.0,4.0,0.474,3.12,196.0,11.8138,79.904,266.05,55.0,78.0,6.0,0.242,1.87,167.0,3.8939,132.905,301.7,50.0,69.0,5.0,0.228,7.29,69.0,7.3439,118.71,505.21,9.0,10.0,2.0,0.824,0.0017,133.0,17.4228,18.998,53.63
166,166,Na,Ge,Br,Rb,Pb,Br,11.0,12.0,3.0,1.228,0.971,102.0,5.1391,22.99,371.15,32.0,41.0,4.0,0.32,5.32,53.0,7.8994,72.64,1211.45,35.0,45.0,4.0,0.474,3.12,196.0,11.8138,79.904,266.05,37.0,48.0,5.0,0.363,1.53,152.0,4.1771,85.468,312.79,82.0,125.0,6.0,0.129,11.3,119.0,7.4167,207.2,600.75,35.0,45.0,4.0,0.474,3.12,196.0,11.8138,79.904,266.05
167,167,Na,Ge,Br,Rb,Pb,F,11.0,12.0,3.0,1.228,0.971,102.0,5.1391,22.99,371.15,32.0,41.0,4.0,0.32,5.32,53.0,7.8994,72.64,1211.45,35.0,45.0,4.0,0.474,3.12,196.0,11.8138,79.904,266.05,37.0,48.0,5.0,0.363,1.53,152.0,4.1771,85.468,312.79,82.0,125.0,6.0,0.129,11.3,119.0,7.4167,207.2,600.75,9.0,10.0,2.0,0.824,0.0017,133.0,17.4228,18.998,53.63
168,168,Na,Ge,Br,Rb,Sn,Br,11.0,12.0,3.0,1.228,0.971,102.0,5.1391,22.99,371.15,32.0,41.0,4.0,0.32,5.32,53.0,7.8994,72.64,1211.45,35.0,45.0,4.0,0.474,3.12,196.0,11.8138,79.904,266.05,37.0,48.0,5.0,0.363,1.53,152.0,4.1771,85.468,312.79,50.0,69.0,5.0,0.228,7.29,69.0,7.3439,118.71,505.21,35.0,45.0,4.0,0.474,3.12,196.0,11.8138,79.904,266.05
169,169,Na,Ge,Br,Rb,Sn,F,11.0,12.0,3.0,1.228,0.971,102.0,5.1391,22.99,371.15,32.0,41.0,4.0,0.32,5.32,53.0,7.8994,72.64,1211.45,35.0,45.0,4.0,0.474,3.12,196.0,11.8138,79.904,266.05,37.0,48.0,5.0,0.363,1.53,152.0,4.1771,85.468,312.79,50.0,69.0,5.0,0.228,7.29,69.0,7.3439,118.71,505.21,9.0,10.0,2.0,0.824,0.0017,133.0,17.4228,18.998,53.63
170,170,Na,Pb,Br,Cs,Pb,Br,11.0,12.0,3.0,1.228,0.971,102.0,5.1391,22.99,371.15,82.0,125.0,6.0,0.129,11.3,119.0,7.4167,207.2,600.75,35.0,45.0,4.0,0.474,3.12,196.0,11.8138,79.904,266.05,55.0,78.0,6.0,0.242,1.87,167.0,3.8939,132.905,301.7,82.0,125.0,6.0,0.129,11.3,119.0,7.4167,207.2,600.75,35.0,45.0,4.0,0.474,3.12,196.0,11.8138,79.904,266.05
171,171,Na,Pb,Br,Cs,Pb,F,11.0,12.0,3.0,1.228,0.971,102.0,5.1391,22.99,371.15,82.0,125.0,6.0,0.129,11.3,119.0,7.4167,207.2,600.75,35.0,45.0,4.0,0.474,3.12,196.0,11.8138,79.904,266.05,55.0,78.0,6.0,0.242,1.87,167.0,3.8939,132.905,301.7,82.0,125.0,6.0,0.129,11.3,119.0,7.4167,207.2,600.75,9.0,10.0,2.0,0.824,0.0017,133.0,17.4228,18.998,53.63
172,172,Na,Pb,Br,Cs,Pb,I,11.0,12.0,3.0,1.228,0.971,102.0,5.1391,22.99,371.15,82.0,125.0,6.0,0.129,11.3,119.0,7.4167,207.2,600.75,35.0,45.0,4.0,0.474,3.12,196.0,11.8138,79.904,266.05,55.0,78.0,6.0,0.242,1.87,167.0,3.8939,132.905,301.7,82.0,125.0,6.0,0.129,11.3,119.0,7.4167,207.2,600.75,53.0,74.0,5.0,0.214,4.93,220.0,10.4513,126.904,386.65
173,173,Na,Pb,Br,Cs,Sn,Br,11.0,12.0,3.0,1.228,0.971,102.0,5.1391,22.99,371.15,82.0,125.0,6.0,0.129,11.3,119.0,7.4167,207.2,600.75,35.0,45.0,4.0,0.474,3.12,196.0,11.8138,79.904,266.05,55.0,78.0,6.0,0.242,1.87,167.0,3.8939,132.905,301.7,50.0,69.0,5.0,0.228,7.29,69.0,7.3439,118.71,505.21,35.0,45.0,4.0,0.474,3.12,196.0,11.8138,79.904,266.05
174,174,Na,Pb,Br,Cs,Sn,F,11.0,12.0,3.0,1.228,0.971,102.0,5.1391,22.99,371.15,82.0,125.0,6.0,0.129,11.3,119.0,7.4167,207.2,600.75,35.0,45.0,4.0,0.474,3.12,196.0,11.8138,79.904,266.05,55.0,78.0,6.0,0.242,1.87,167.0,3.8939,132.905,301.7,50.0,69.0,5.0,0.228,7.29,69.0,7.3439,118.71,505.21,9.0,10.0,2.0,0.824,0.0017,133.0,17.4228,18.998,53.63
175,175,Na,Pb,Br,Rb,Pb,Br,11.0,12.0,3.0,1.228,0.971,102.0,5.1391,22.99,371.15,82.0,125.0,6.0,0.129,11.3,119.0,7.4167,207.2,600.75,35.0,45.0,4.0,0.474,3.12,196.0,11.8138,79.904,266.05,37.0,48.0,5.0,0.363,1.53,152.0,4.1771,85.468,312.79,82.0,125.0,6.0,0.129,11.3,119.0,7.4167,207.2,600.75,35.0,45.0,4.0,0.474,3.12,196.0,11.8138,79.904,266.05
176,176,Na,Pb,Br,Rb,Pb,F,11.0,12.0,3.0,1.228,0.971,102.0,5.1391,22.99,371.15,82.0,125.0,6.0,0.129,11.3,119.0,7.4167,207.2,600.75,35.0,45.0,4.0,0.474,3.12,196.0,11.8138,79.904,266.05,37.0,48.0,5.0,0.363,1.53,152.0,4.1771,85.468,312.79,82.0,125.0,6.0,0.129,11.3,119.0,7.4167,207.2,600.75,9.0,10.0,2.0,0.824,0.0017,133.0,17.4228,18.998,53.63
177,177,Na,Pb,Br,Rb,Sn,Br,11.0,12.0,3.0,1.228,0.971,102.0,5.1391,22.99,371.15,82.0,125.0,6.0,0.129,11.3,119.0,7.4167,207.2,600.75,35.0,45.0,4.0,0.474,3.12,196.0,11.8138,79.904,266.05,37.0,48.0,5.0,0.363,1.53,152.0,4.1771,85.468,312.79,50.0,69.0,5.0,0.228,7.29,69.0,7.3439,118.71,505.21,35.0,45.0,4.0,0.474,3.12,196.0,11.8138,79.904,266.05
178,178,Na,Pb,Br,Rb,Sn,F,11.0,12.0,3.0,1.228,0.971,102.0,5.1391,22.99,371.15,82.0,125.0,6.0,0.129,11.3,119.0,7.4167,207.2,600.75,35.0,45.0,4.0,0.474,3.12,196.0,11.8138,79.904,266.05,37.0,48.0,5.0,0.363,1.53,152.0,4.1771,85.468,312.79,50.0,69.0,5.0,0.228,7.29,69.0,7.3439,118.71,505.21,9.0,10.0,2.0,0.824,0.0017,133.0,17.4228,18.998,53.63
179,179,Na,Pb,Br,Rb,Sn,I,11.0,12.0,3.0,1.228,0.971,102.0,5.1391,22.99,371.15,82.0,125.0,6.0,0.129,11.3,119.0,7.4167,207.2,600.75,35.0,45.0,4.0,0.474,3.12,196.0,11.8138,79.904,266.05,37.0,48.0,5.0,0.363,1.53,152.0,4.1771,85.468,312.79,50.0,69.0,5.0,0.228,7.29,69.0,7.3439,118.71,505.21,53.0,74.0,5.0,0.214,4.93,220.0,10.4513,126.904,386.65
180,180,Rb,Ge,Br,Cs,Pb,Br,37.0,48.0,5.0,0.363,1.53,152.0,4.1771,85.468,312.79,32.0,41.0,4.0,0.32,5.32,53.0,7.8994,72.64,1211.45,35.0,45.0,4.0,0.474,3.12,196.0,11.8138,79.904,266.05,55.0,78.0,6.0,0.242,1.87,167.0,3.8939,132.905,301.7,82.0,125.0,6.0,0.129,11.3,119.0,7.4167,207.2,600.75,35.0,45.0,4.0,0.474,3.12,196.0,11.8138,79.904,266.05
181,181,Rb,Ge,Br,Cs,Pb,F,37.0,48.0,5.0,0.363,1.53,152.0,4.1771,85.468,312.79,32.0,41.0,4.0,0.32,5.32,53.0,7.8994,72.64,1211.45,35.0,45.0,4.0,0.474,3.12,196.0,11.8138,79.904,266.05,55.0,78.0,6.0,0.242,1.87,167.0,3.8939,132.905,301.7,82.0,125.0,6.0,0.129,11.3,119.0,7.4167,207.2,600.75,9.0,10.0,2.0,0.824,0.0017,133.0,17.4228,18.998,53.63
182,182,Rb,Ge,Br,Cs,Sn,Br,37.0,48.0,5.0,0.363,1.53,152.0,4.1771,85.468,312.79,32.0,41.0,4.0,0.32,5.32,53.0,7.8994,72.64,1211.45,35.0,45.0,4.0,0.474,3.12,196.0,11.8138,79.904,266.05,55.0,78.0,6.0,0.242,1.87,167.0,3.8939,132.905,301.7,50.0,69.0,5.0,0.228,7.29,69.0,7.3439,118.71,505.21,35.0,45.0,4.0,0.474,3.12,196.0,11.8138,79.904,266.05
183,183,Rb,Ge,Br,Cs,Sn,F,37.0,48.0,5.0,0.363,1.53,152.0,4.1771,85.468,312.79,32.0,41.0,4.0,0.32,5.32,53.0,7.8994,72.64,1211.45,35.0,45.0,4.0,0.474,3.12,196.0,11.8138,79.904,266.05,55.0,78.0,6.0,0.242,1.87,167.0,3.8939,132.905,301.7,50.0,69.0,5.0,0.228,7.29,69.0,7.3439,118.71,505.21,9.0,10.0,2.0,0.824,0.0017,133.0,17.4228,18.998,53.63
184,184,Rb,Ge,Br,Cs,Sn,I,37.0,48.0,5.0,0.363,1.53,152.0,4.1771,85.468,312.79,32.0,41.0,4.0,0.32,5.32,53.0,7.8994,72.64,1211.45,35.0,45.0,4.0,0.474,3.12,196.0,11.8138,79.904,266.05,55.0,78.0,6.0,0.242,1.87,167.0,3.8939,132.905,301.7,50.0,69.0,5.0,0.228,7.29,69.0,7.3439,118.71,505.21,53.0,74.0,5.0,0.214,4.93,220.0,10.4513,126.904,386.65
185,185,Rb,Ge,Br,Rb,Pb,Br,37.0,48.0,5.0,0.363,1.53,152.0,4.1771,85.468,312.79,32.0,41.0,4.0,0.32,5.32,53.0,7.8994,72.64,1211.45,35.0,45.0,4.0,0.474,3.12,196.0,11.8138,79.904,266.05,37.0,48.0,5.0,0.363,1.53,152.0,4.1771,85.468,312.79,82.0,125.0,6.0,0.129,11.3,119.0,7.4167,207.2,600.75,35.0,45.0,4.0,0.474,3.12,196.0,11.8138,79.904,266.05
186,186,Rb,Ge,Br,Rb,Pb,F,37.0,48.0,5.0,0.363,1.53,152.0,4.1771,85.468,312.79,32.0,41.0,4.0,0.32,5.32,53.0,7.8994,72.64,1211.45,35.0,45.0,4.0,0.474,3.12,196.0,11.8138,79.904,266.05,37.0,48.0,5.0,0.363,1.53,152.0,4.1771,85.468,312.79,82.0,125.0,6.0,0.129,11.3,119.0,7.4167,207.2,600.75,9.0,10.0,2.0,0.824,0.0017,133.0,17.4228,18.998,53.63
187,187,Rb,Ge,Br,Rb,Sn,Br,37.0,48.0,5.0,0.363,1.53,152.0,4.1771,85.468,312.79,32.0,41.0,4.0,0.32,5.32,53.0,7.8994,72.64,1211.45,35.0,45.0,4.0,0.474,3.12,196.0,11.8138,79.904,266.05,37.0,48.0,5.0,0.363,1.53,152.0,4.1771,85.468,312.79,50.0,69.0,5.0,0.228,7.29,69.0,7.3439,118.71,505.21,35.0,45.0,4.0,0.474,3.12,196.0,11.8138,79.904,266.05
188,188,Rb,Ge,Br,Rb,Sn,F,37.0,48.0,5.0,0.363,1.53,152.0,4.1771,85.468,312.79,32.0,41.0,4.0,0.32,5.32,53.0,7.8994,72.64,1211.45,35.0,45.0,4.0,0.474,3.12,196.0,11.8138,79.904,266.05,37.0,48.0,5.0,0.363,1.53,152.0,4.1771,85.468,312.79,50.0,69.0,5.0,0.228,7.29,69.0,7.3439,118.71,505.21,9.0,10.0,2.0,0.824,0.0017,133.0,17.4228,18.998,53.63
189,189,Rb,Ge,Br,Rb,Sn,I,37.0,48.0,5.0,0.363,1.53,152.0,4.1771,85.468,312.79,32.0,41.0,4.0,0.32,5.32,53.0,7.8994,72.64,1211.45,35.0,45.0,4.0,0.474,3.12,196.0,11.8138,79.904,266.05,37.0,48.0,5.0,0.363,1.53,152.0,4.1771,85.468,312.79,50.0,69.0,5.0,0.228,7.29,69.0,7.3439,118.71,505.21,53.0,74.0,5.0,0.214,4.93,220.0,10.4513,126.904,386.65
190,190,Rb,Pb,Br,Cs,Pb,Br,37.0,48.0,5.0,0.363,1.53,152.0,4.1771,85.468,312.79,82.0,125.0,6.0,0.129,11.3,119.0,7.4167,207.2,600.75,35.0,45.0,4.0,0.474,3.12,196.0,11.8138,79.904,266.05,55.0,78.0,6.0,0.242,1.87,167.0,3.8939,132.905,301.7,82.0,125.0,6.0,0.129,11.3,119.0,7.4167,207.2,600.75,35.0,45.0,4.0,0.474,3.12,196.0,11.8138,79.904,266.05
191,191,Rb,Pb,Br,Cs,Pb,F,37.0,48.0,5.0,0.363,1.53,152.0,4.1771,85.468,312.79,82.0,125.0,6.0,0.129,11.3,119.0,7.4167,207.2,600.75,35.0,45.0,4.0,0.474,3.12,196.0,11.8138,79.904,266.05,55.0,78.0,6.0,0.242,1.87,167.0,3.8939,132.905,301.7,82.0,125.0,6.0,0.129,11.3,119.0,7.4167,207.2,600.75,9.0,10.0,2.0,0.824,0.0017,133.0,17.4228,18.998,53.63
192,192,Rb,Pb,Br,Cs,Pb,I,37.0,48.0,5.0,0.363,1.53,152.0,4.1771,85.468,312.79,82.0,125.0,6.0,0.129,11.3,119.0,7.4167,207.2,600.75,35.0,45.0,4.0,0.474,3.12,196.0,11.8138,79.904,266.05,55.0,78.0,6.0,0.242,1.87,167.0,3.8939,132.905,301.7,82.0,125.0,6.0,0.129,11.3,119.0,7.4167,207.2,600.75,53.0,74.0,5.0,0.214,4.93,220.0,10.4513,126.904,386.65
193,193,Rb,Pb,Br,Cs,Sn,Br,37.0,48.0,5.0,0.363,1.53,152.0,4.1771,85.468,312.79,82.0,125.0,6.0,0.129,11.3,119.0,7.4167,207.2,600.75,35.0,45.0,4.0,0.474,3.12,196.0,11.8138,79.904,266.05,55.0,78.0,6.0,0.242,1.87,167.0,3.8939,132.905,301.7,50.0,69.0,5.0,0.228,7.29,69.0,7.3439,118.71,505.21,35.0,45.0,4.0,0.474,3.12,196.0,11.8138,79.904,266.05
194,194,Rb,Pb,Br,Cs,Sn,F,37.0,48.0,5.0,0.363,1.53,152.0,4.1771,85.468,312.79,82.0,125.0,6.0,0.129,11.3,119.0,7.4167,207.2,600.75,35.0,45.0,4.0,0.474,3.12,196.0,11.8138,79.904,266.05,55.0,78.0,6.0,0.242,1.87,167.0,3.8939,132.905,301.7,50.0,69.0,5.0,0.228,7.29,69.0,7.3439,118.71,505.21,9.0,10.0,2.0,0.824,0.0017,133.0,17.4228,18.998,53.63
195,195,Rb,Pb,Br,Cs,Sn,I,37.0,48.0,5.0,0.363,1.53,152.0,4.1771,85.468,312.79,82.0,125.0,6.0,0.129,11.3,119.0,7.4167,207.2,600.75,35.0,45.0,4.0,0.474,3.12,196.0,11.8138,79.904,266.05,55.0,78.0,6.0,0.242,1.87,167.0,3.8939,132.905,301.7,50.0,69.0,5.0,0.228,7.29,69.0,7.3439,118.71,505.21,53.0,74.0,5.0,0.214,4.93,220.0,10.4513,126.904,386.65
196,196,Rb,Pb,Br,Rb,Pb,Br,37.0,48.0,5.0,0.363,1.53,152.0,4.1771,85.468,312.79,82.0,125.0,6.0,0.129,11.3,119.0,7.4167,207.2,600.75,35.0,45.0,4.0,0.474,3.12,196.0,11.8138,79.904,266.05,37.0,48.0,5.0,0.363,1.53,152.0,4.1771,85.468,312.79,82.0,125.0,6.0,0.129,11.3,119.0,7.4167,207.2,600.75,35.0,45.0,4.0,0.474,3.12,196.0,11.8138,79.904,266.05
197,197,Rb,Pb,Br,Rb,Pb,F,37.0,48.0,5.0,0.363,1.53,152.0,4.1771,85.468,312.79,82.0,125.0,6.0,0.129,11.3,119.0,7.4167,207.2,600.75,35.0,45.0,4.0,0.474,3.12,196.0,11.8138,79.904,266.05,37.0,48.0,5.0,0.363,1.53,152.0,4.1771,85.468,312.79,82.0,125.0,6.0,0.129,11.3,119.0,7.4167,207.2,600.75,9.0,10.0,2.0,0.824,0.0017,133.0,17.4228,18.998,53.63
198,198,Rb,Pb,Br,Rb,Sn,Br,37.0,48.0,5.0,0.363,1.53,152.0,4.1771,85.468,312.79,82.0,125.0,6.0,0.129,11.3,119.0,7.4167,207.2,600.75,35.0,45.0,4.0,0.474,3.12,196.0,11.8138,79.904,266.05,37.0,48.0,5.0,0.363,1.53,152.0,4.1771,85.468,312.79,50.0,69.0,5.0,0.228,7.29,69.0,7.3439,118.71,505.21,35.0,45.0,4.0,0.474,3.12,196.0,11.8138,79.904,266.05
199,199,Rb,Pb,Br,Rb,Sn,F,37.0,48.0,5.0,0.363,1.53,152.0,4.1771,85.468,312.79,82.0,125.0,6.0,0.129,11.3,119.0,7.4167,207.2,600.75,35.0,45.0,4.0,0.474,3.12,196.0,11.8138,79.904,266.05,37.0,48.0,5.0,0.363,1.53,152.0,4.1771,85.468,312.79,50.0,69.0,5.0,0.228,7.29,69.0,7.3439,118.71,505.21,9.0,10.0,2.0,0.824,0.0017,133.0,17.4228,18.998,53.63
200,200,Rb,Pb,Br,Rb,Sn,I,37.0,48.0,5.0,0.363,1.53,152.0,4.1771,85.468,312.79,82.0,125.0,6.0,0.129,11.3,119.0,7.4167,207.2,600.75,35.0,45.0,4.0,0.474,3.12,196.0,11.8138,79.904,266.05,37.0,48.0,5.0,0.363,1.53,152.0,4.1771,85.468,312.79,50.0,69.0,5.0,0.228,7.29,69.0,7.3439,118.71,505.21,53.0,74.0,5.0,0.214,4.93,220.0,10.4513,126.904,386.65
